,,,,,,,,,,,,,,,,,,,,,,,,,,
WIP & QRY 2021,,,,,,,,,,,,,,,,,,,,,,,,,,
,,,,,,,,,,,,,,,,,,,,,,,,,,
Planta,Work_Order,P/N,Modelo,BU,W/O Qty,W/O GR Qty,W/O Scrap Qty,Balance,W/O WIP Amount,Aging -B0,Aging,Shortage,Dias,Aging rank_1,Dashboard_0,Dashboard_1,Rank,Mayor,Menor,Fecha,,Departments,Participants,,F,Menor
2330,1009272,MJ11028,Silicon Power Transistor            ,ONSEMI," 1,900 "," 1,200 ", -   ,700," $16,132 ",,20,2,14-20,<20,0,1,91,1,,3-Nov,,Mayor,0,,0,0
2330,1009273,MJ21194,Silicon Power Transistor            ,ONSEMI," 31,000 ", -   , -   ,"31,000"," $366,090 ",,12,2,07-13,<20,0,2,243,,1,3-Nov,,Menor,0,,,
2330,1009274,MJ21194,Silicon Power Transistor            ,ONSEMI," 30,000 ", -   , -   ,"30,000"," $354,281 ",,6,20,0-6,<20,0,3,415,,1,3-Nov,,,,,,
2310,2094395,6466-0005-00,GMX322 SM up RH                     ,MAGNA, 300 , 144 , -   ,156," $8,634 ",,11,7,07-13,<20,0,4,264,,1,3-Nov,,,,,,
2310,2094429,6784-0036-00,PCBA 1236 Ford Lincoln Navigator SS ,ZKW, 480 , 379 , -   ,101," $17,100 ",,10,6,07-13,<20,0,5,305,,1,3-Nov,,,,,,
2310,2094983,6784-0036-00,PCBA 1236 Ford Lincoln Navigator SS ,ZKW, 318 , 313 , -   ,5, $847 ,,45,0,42-48,>20,0,0,5,1,,3-Nov,,,FALSE,,,
2310,2095296,6784-0035-00,PCBA 1236 Ford Lincoln Navigator SS ,ZKW, 600 , -   , -   ,600," $125,472 ",,10,7,07-13,<20,0,6,306,,1,3-Nov,,,,,,
2310,2095399,6616-0056-00,PCBA VW371 HL Side Marker (Mid) RH  ,VALEO VLQ, 960 , 940 , 1 ,19, $792 ,,10,7,07-13,<20,0,7,307,,1,3-Nov,,,,,,
2310,2095598,6466-0002-00,GMX322 SM Base LH                   ,MAGNA, 480 , 332 , -   ,148," $9,086 ",,11,8,07-13,<20,0,8,265,,1,3-Nov,,,,,,
2310,2096566,6784-0024-00,PCBA Ford 1144 SD Light LH          ,ZKW, 720 , 620 , -   ,100," $24,032 ",,8,10,07-13,<20,0,9,354,,1,3-Nov,,,,,,
2310,2097116,6609-0079-01,PCBA U611 RCL Tail Light  (V2) RH   ,VALEO VLS," 1,068 ", 950 , -   ,118," $8,805 ",,8,3,07-13,<20,0,10,355,,1,3-Nov,,,,,,
2310,2097791,6609-0024-03,PCBA WK DRL Light ECE LH (Harness)V ,VALEO VLS," 1,120 "," 1,023 ", 7 ,90," $28,895 ",,16,2,14-20,<20,0,11,170,,1,3-Nov,,,,,,
2310,2097984,3511-0027-01,PCBA S550 FCL SAE LS Header Light   ,NAL," 1,536 ", -   , -   ,"1,536"," $60,071 ",,4,17,0-6,<20,0,12,501,,1,3-Nov,,,,,,
2310,2098107,6609-0068-00,PCBA Toyota Avalon Up TI Light LH   ,VALEO VLS, 600 , 494 , 17 ,89," $14,428 ",,50,0,49-55,>20,0,0,4,1,,3-Nov,,,,,,
2310,2098112,6609-0075-00,PCBA U611 RCL Stop Light RH         ,VALEO VLS, 960 , 800 , 7 ,153," $14,122 ",,15,5,14-20,<20,0,13,184,,1,3-Nov,,,,,,
2310,2098224,3511-0053-01,PCBA TP1 75P599-7012                ,ITO, 400 , 240 , 14 ,146," $19,026 ",,32,1,28-34,>20,0,14,19,1,,3-Nov,,,,,,
2310,2098227,4490-0063-14,DAIMLER DBE MFA2-H-WSHD-IRS-32 VTA  ,VALEO VRS, 660 , 619 , 1 ,40," $7,217 ",,15,1,14-20,<20,0,15,185,,1,3-Nov,,,,,,
2310,2098314,3511-0045-00,PCBA U611 SWS 75N065-7011           ,ITO," 2,982 "," 2,604 ", 26 ,352," $10,374 ",,24,1,21-27,>20,0,16,48,1,,3-Nov,,,,,,
2310,2098405,4490-0020-03,PCBA DPS Ford 304.096A              ,VALEO VRS, 84 , -   , -   ,84," $31,729 ",,6,26,0-6,<20,0,17,416,,1,3-Nov,,,,,,
2310,2098419,6609-0076-01,PCBA U611 RCL Turn V2 LH            ,VALEO VLS, 750 , 619 , -   ,131," $19,054 ",,19,0,14-20,<20,0,0,101,,1,3-Nov,,,,,,
2310,2098429,6616-0020-00,PCBA CD533 MCA Parking Light RH     ,VALEO VLQ, 630 , 572 , -   ,58," $12,199 ",,18,0,14-20,<20,0,0,128,,1,3-Nov,,,,,,
2310,2098449,6784-0025-00,PCBA Ford 1144 SD Light RH          ,ZKW, 504 , 198 , 15 ,291," $77,589 ",,45,2,42-48,>20,0,18,6,1,,3-Nov,,,,,,
2310,2098624,3511-0011-00,PCBA TJBA RCL Stop Tail (SAE) Light ,NAL," 4,320 "," 2,777 ", 4 ,"1,539"," $87,781 ",,34,1,28-34,>20,0,19,13,1,,3-Nov,,,,,,
2310,2098678,6616-0025-01,PCBA CD533 MCA DRL Light LH (LED)   ,VALEO VLQ, 320 , 180 , 9 ,131," $14,607 ",,18,1,14-20,<20,0,20,129,,1,3-Nov,,,,,,
2310,2098679,6616-0026-01,PCBA CD533 MCA DRL Light RH (LED)   ,VALEO VLQ, 320 , 280 , -   ,40," $4,466 ",,18,1,14-20,<20,0,21,130,,1,3-Nov,,,,,,
2310,2098809,4490-0063-04,PCBA DBE MFA2-H-WSHD-IRS-32 VTA E35 ,VALEO VRS, 660 , 617 , -   ,43," $16,521 ",,15,6,14-20,<20,0,22,186,,1,3-Nov,,,,,,
2310,2098827,6609-0062-00,PCBA Toyota Avalon Base SM Light RH ,VALEO VLS, 910 , -   , -   ,910," $48,088 ",,5,31,0-6,<20,0,23,432,,1,3-Nov,,,,,,
2310,2098831,6609-0069-00,PCBA Toyota Avalon Up TI Light RH   ,VALEO VLS, 520 , 339 , -   ,181," $29,025 ",,9,4,07-13,<20,0,24,321,,1,3-Nov,,,,,,
2310,2098880,6784-0033-00,PCBA 1236 Ford Lincoln Navigator DR ,ZKW, 540 , 447 , 56 ,37," $13,663 ",,17,2,14-20,<20,0,25,155,,1,3-Nov,,,,,,
2310,2098911,3511-0007-00,PCBA TJBA FLF LED Light LH          ,NAL, 505 , 418 , -   ,87," $11,229 ",,12,2,07-13,<20,0,26,244,,1,3-Nov,,,,,,
2310,2098953,6784-0022-00,PCBA Ford 1144 SB Light LH          ,ZKW, 720 , -   , -   ,720," $114,301 ",,3,21,0-6,<20,0,27,528,,1,3-Nov,,,,,,
2310,2099034,6811-0002-00,PCBA U554 FOG LIGHT RH              ,AL, 350 , 245 , 5 ,100," $21,356 ",,26,2,21-27,>20,0,28,34,1,,3-Nov,,,,,,
2310,2099064,6609-0001-03,PCBA GMT 968 DRL Light LH (MX)      ,VALEO VLS, 504 , 364 , 34 ,106," $25,650 ",,18,4,14-20,<20,0,29,131,,1,3-Nov,,,,,,
2310,2099115,6784-0031-00,PCBA Ford 1144 Print DRL Set LH     ,ZKW, 800 , 690 , 2 ,108," $43,689 ",,19,3,14-20,<20,0,30,102,,1,3-Nov,,,,,,
2310,2099127,6971-0004-00,PCBA Jeep Renegade 5211 DRL_TI      ,AL," 4,752 ", -   , -   ,"4,752"," $939,985 ",,4,30,0-6,<20,0,31,502,,1,3-Nov,,,,,,
2310,2099147,6784-0023-00,PCBA Ford 1144 SB Light RH          ,ZKW, 441 , -   , -   ,441," $71,836 ",,2,21,0-6,<20,0,32,542,,1,3-Nov,,,,,,
2310,2099192,6609-0017-02,PCBA Y1XX Driver SAE Light          ,VALEO VLS, 240 , -   , -   ,240," $58,760 ",,3,71,0-6,<20,0,33,529,,1,3-Nov,,,,,,
2310,2099193,5412-0017-00,PCBA Toyota 750A Motor Controller R ,VALEO VWS," 1,000 ", 285 , -   ,715," $147,878 ",,14,7,14-20,<20,0,34,210,,1,3-Nov,,,,,,
2310,2099385,4490-0009-00,PCBA RX GEN2                        ,VALEO VRS, 305 , 305 , -   ,0, $-   ,,37,2,,,1,0,10,1,,3-Nov,,,,,,
2310,2099406,6609-0073-01,PCBA Toyota Avalon Up DRL Light V2  ,VALEO VLS, 330 , 187 , -   ,143," $41,570 ",,9,7,07-13,<20,0,35,322,,1,3-Nov,,,,,,
2310,2099434,6784-0028-00,PCBA Ford 1144 SMSI Light           ,ZKW," 2,490 "," 2,464 ", 1 ,25, $465 ,,17,3,14-20,<20,0,36,156,,1,3-Nov,,,,,,
2310,2099435,6784-0031-00,PCBA Ford 1144 Print DRL Set LH     ,ZKW, 940 , -   , -   ,940," $380,260 ",,11,7,07-13,<20,0,37,266,,1,3-Nov,,,,,,
2310,2099543,3511-0025-01,PCBA S550 FCL SAE HS Header Light   ,NAL," 3,060 "," 2,696 ", -   ,364," $18,569 ",,11,4,07-13,<20,0,38,267,,1,3-Nov,,,,,,
2310,2099549,3511-0037-00,PCBA U611 SWS 75L811-7011           ,ITO, 680 , 40 , 14 ,626," $16,471 ",,40,0,35-41,>20,0,0,7,1,,3-Nov,,,,,,
2310,2099556,3511-0054-01,PCBA TP1 75P634-7012                ,ITO, 840 , 675 , 24 ,141," $18,194 ",,32,1,28-34,>20,0,39,20,1,,3-Nov,,,,,,
2310,2099560,4490-0012-00,PCBA TX Gen 2A                      ,VALEO VRS," 1,998 "," 1,800 ", 1 ,197," $21,608 ",,33,1,28-34,>20,0,40,16,1,,3-Nov,,,,,,
2310,2099567,4490-0075-04,PCBA DBE MFA2-H-SSOS-S21B E354288D  ,VALEO VRS, 600 , -   , -   ,600," $133,756 ",,2,14,0-6,<20,0,41,543,,1,3-Nov,,,,,,
2310,2099584,5412-0023-02,PCBA MFA2 BR167 RHD ACW V3          ,VALEO VWS," 1,410 "," 1,009 ", 20 ,381," $57,554 ",,18,5,14-20,<20,0,42,132,,1,3-Nov,,,,,,
2310,2099585,5412-0026-00,PCBA MFA2 X247 LHD CW               ,VALEO VWS," 1,950 "," 1,620 ", 3 ,327," $45,023 ",,12,9,07-13,<20,0,43,245,,1,3-Nov,,,,,,
2310,2099587,6609-0004-04,PCBA GMT967 DRL Light RH (MX)       ,VALEO VLS, 510 , 382 , 29 ,99," $28,773 ",,26,5,21-27,>20,0,44,35,1,,3-Nov,,,,,,
2310,2099589,6609-0055-00,PCBA Silverado HL DRL Up Light LH   ,VALEO VLS," 4,292 "," 4,164 ", 15 ,113," $20,521 ",,40,3,35-41,>20,0,45,8,1,,3-Nov,,,,,,
2310,2099595,6609-0086-03,PCBA CX483 RCL Stop(V4) RH          ,VALEO VLS," 1,836 ", 644 , -   ,"1,192"," $248,886 ",,10,9,07-13,<20,0,46,308,,1,3-Nov,,,,,,
2310,2099598,6609-0090-02,PCBA CX483 SM Redundant(V3)RH       ,VALEO VLS," 1,530 "," 1,063 ", 12 ,455," $72,173 ",,24,1,21-27,>20,0,47,49,1,,3-Nov,,,,,,
2310,2099606,6616-0023-00,PCBA CD533 MCA Turn Light LH        ,VALEO VLQ, 768 , 619 , -   ,149," $8,284 ",,18,1,14-20,<20,0,48,133,,1,3-Nov,,,,,,
2310,2099636,6811-0001-00,PCBA U554 FOG LIGHT LH              ,AL, 350 , 275 , 4 ,71," $15,182 ",,26,1,21-27,>20,0,49,36,1,,3-Nov,,,,,,
2310,2099665,6609-0023-20,WK DRL & SM Light SAE RH(Harness)V1 ,VALEO VLS," 2,192 "," 1,874 ", -   ,318," $18,254 ",,18,2,14-20,<20,0,50,134,,1,3-Nov,,,,,,
2310,2099668,6609-0104-11,Escalade T1ULX RCL SM+TI SAE LH for ,VALEO VLS," 1,600 ", 515 , -   ,"1,085"," $244,954 ",,16,4,14-20,<20,0,51,171,,1,3-Nov,,,,,,
2310,2099673,3511-0003-00,PCBA TJBA BUL STOP TAIL Light LH    ,NAL, 960 , 757 , 4 ,199," $12,965 ",,18,0,14-20,<20,0,0,135,,1,3-Nov,,,,,,
2310,2099679,3511-0012-00,PCBA TJBA RCL Stop Tail (SAE) Light ,NAL," 2,880 "," 2,525 ", 4 ,351," $19,386 ",,34,1,28-34,>20,0,52,14,1,,3-Nov,,,,,,
2310,2099686,3511-0025-01,PCBA S550 FCL SAE HS Header Light   ,NAL," 2,220 ", -   , -   ,"2,220"," $113,253 ",,5,18,0-6,<20,0,53,433,,1,3-Nov,,,,,,
2310,2099697,3511-0041-00,PCBA U625 TMS 75K880-7013           ,ITO," 2,160 "," 1,326 ", 30 ,804," $89,246 ",,20,4,14-20,<20,0,54,92,1,,3-Nov,,,,,,
2310,2099707,4490-0009-00,PCBA RX GEN2                        ,VALEO VRS," 1,800 ", 150 , -   ,"1,650"," $1,501,817 ",,8,9,07-13,<20,0,55,356,,1,3-Nov,,,,,,
2310,2099708,4490-0012-00,PCBA TX Gen 2A                      ,VALEO VRS, 740 , -   , -   ,740," $81,169 ",,7,7,07-13,<20,0,56,386,,1,3-Nov,,,,,,
2310,2099712,4490-0063-04,PCBA DBE MFA2-H-WSHD-IRS-32 VTA E35 ,VALEO VRS, 480 , -   , -   ,480," $184,416 ",,5,17,0-6,<20,0,57,434,,1,3-Nov,,,,,,
2310,2099719,4490-0078-04,PCBA DBE MFA2-H-SSHD-SOS-S29B E3543 ,VALEO VRS, 660 , 602 , -   ,58," $11,976 ",,13,6,07-13,<20,0,58,228,,1,3-Nov,,,,,,
2310,2099726,4490-0089-00,PCBA MBH2 DPS Nissan                ,VALEO VRS," 3,360 "," 3,298 ", 62 ,0, $-   ,,23,1,,,2,0,60,1,,3-Nov,,,,,,
2310,2099736,5412-0017-00,PCBA Toyota 750A Motor Controller R ,VALEO VWS," 1,000 ", 960 , -   ,40," $8,273 ",,10,9,07-13,<20,0,59,309,,1,3-Nov,,,,,,
2310,2100085,3511-0023-00,PCBA GC7 HL Assy B LH               ,ITO," 6,048 "," 6,009 ", 39 ,0, $-   ,,14,2,,,3,0,211,,1,3-Nov,,,,,,
2310,2099739,5412-0026-00,PCBA MFA2 X247 LHD CW               ,VALEO VWS," 1,410 ", -   , -   ,"1,410"," $194,135 ",,5,24,0-6,<20,0,60,435,,1,3-Nov,,,,,,
2310,2099750,6609-0072-01,PCBA Toyota Avalon Up DRL Light V2  ,VALEO VLS, 330 , 165 , -   ,165," $48,428 ",,9,26,07-13,<20,0,61,323,,1,3-Nov,,,,,,
2310,2099754,6609-0086-03,PCBA CX483 RCL Stop(V4) RH          ,VALEO VLS," 1,220 ", -   , -   ,"1,220"," $254,732 ",,5,40,0-6,<20,0,62,436,,1,3-Nov,,,,,,
2310,2099757,6609-0089-02,PCBA CX483 SM Redundant(V3)LH       ,VALEO VLS," 1,530 "," 1,525 ", 5 ,0, $-   ,,17,1,,,4,0,157,,1,3-Nov,,,,,,
2310,2099758,6609-0090-02,PCBA CX483 SM Redundant(V3)RH       ,VALEO VLS," 1,530 ", -   , -   ,"1,530"," $242,693 ",,17,3,14-20,<20,0,63,158,,1,3-Nov,,,,,,
2310,2099759,6609-0093-03,PCBA CX483 Tail Applique(V4)        ,VALEO VLS," 1,710 "," 1,380 ", 27 ,303," $90,038 ",,18,4,14-20,<20,0,64,136,,1,3-Nov,,,,,,
2310,2099795,6670-0001-01,PCBA P552 Motor Controller          ,TRICO," 4,095 "," 2,016 ", 37 ,"2,042"," $335,412 ",,19,3,14-20,<20,0,65,103,,1,3-Nov,,,,,,
2310,2099797,6670-0006-00,PCBA U55X Motor Controller          ,TRICO," 1,296 ", 916 , -   ,380," $82,675 ",,8,4,07-13,<20,0,66,357,,1,3-Nov,,,,,,
2310,2099798,6743-0004-00,PCBA Daimler Window Lifter E1168873 ,VALEO VRS," 7,056 "," 7,039 ", 17 ,0, $-   ,,12,6,,,5,0,246,,1,3-Nov,,,,,,
2310,2099803,6783-0006-00,PCBA NISSAN-1085 AFS Set LH         ,ZKW, 432 , 340 , 55 ,37," $6,315 ",,15,2,14-20,<20,0,67,187,,1,3-Nov,,,,,,
2310,2099807,6784-0010-00,PCBA 1085 SM LED/Driver Light       ,ZKW," 1,830 "," 1,796 ", 34 ,0, $-   ,,40,1,,,6,0,9,1,,3-Nov,,,,,,
2310,2099814,6784-0032-00,PCBA Ford 1144 Print DRL Set RH     ,ZKW, 940 , 93 , 3 ,844," $360,603 ",,11,10,07-13,<20,0,68,268,,1,3-Nov,,,,,,
2310,2099816,6811-0004-00,PCBA U554 INNER RUNNING BOARD LIGHT ,AL," 2,730 "," 2,730 ", -   ,0, $-   ,,18,4,,,7,0,137,,1,3-Nov,,,,,,
2310,2099836,4490-0063-14,DAIMLER DBE MFA2-H-WSHD-IRS-32 VTA  ,VALEO VRS, 480 , -   , -   ,480," $86,609 ",,5,14,0-6,<20,0,69,437,,1,3-Nov,,,,,,
2310,2099848,6466-0009-15,PCBA K2UX GMC DRL RH Ver5 for M1    ,MAGNA, 800 , 794 , -   ,6, $704 ,,19,2,14-20,<20,0,70,104,,1,3-Nov,,,,,,
2310,2099852,6609-0023-10,WK DRL & SM Light SAE RH(Harness)V1 ,VALEO VLS," 2,240 ", 210 , 2 ,"2,028"," $521,377 ",,11,1,07-13,<20,0,71,269,,1,3-Nov,,,,,,
2310,2099853,6609-0023-20,WK DRL & SM Light SAE RH(Harness)V1 ,VALEO VLS," 2,240 ", -   , -   ,"2,240"," $128,582 ",,10,3,07-13,<20,0,72,310,,1,3-Nov,,,,,,
2310,2099859,3334-0015-00,PCBA Chrysler LA HL Park Rings      ,VARROC," 4,800 "," 2,491 ", -   ,"2,309"," $152,291 ",,19,6,14-20,<20,0,73,105,,1,3-Nov,,,,,,
2310,2099866,3511-0008-00,PCBA TJBA FLF LED Light RH          ,NAL," 1,200 "," 1,037 ", 9 ,154," $18,756 ",,12,2,07-13,<20,0,74,247,,1,3-Nov,,,,,,
2310,2099878,3511-0028-01,PCBA 320B Off Road SW 75L835-7011B  ,ITO, 960 , -   , 2 ,958," $99,121 ",,5,39,0-6,<20,0,75,438,,1,3-Nov,,,,,,
2310,2099889,3511-0043-00,PCBA U625 TMS 75K882-7013           ,ITO," 5,760 "," 5,039 ", 42 ,679," $75,265 ",,26,4,21-27,>20,0,76,37,1,,3-Nov,,,,,,
2310,2099904,4490-0061-04,PCBA DBE MFA2-H-WSHD-SOS-S29 E35422 ,VALEO VRS, 600 , 600 , -   ,0, $-   ,,11,7,,,8,0,270,,1,3-Nov,,,,,,
2310,2099916,4490-0089-00,PCBA MBH2 DPS Nissan                ,VALEO VRS," 3,402 "," 2,930 ", 4 ,468," $156,159 ",,14,16,14-20,<20,0,77,212,,1,3-Nov,,,,,,
2310,2099921,4490-0108-00,PCBA Daimler Window Lifter E110369  ,VALEO VRS," 1,148 "," 1,129 ", 19 ,0, $-   ,,31,2,,,9,0,23,1,,3-Nov,,,,,,
2310,2099922,4490-0110-00,PCBA Daimler Window Lifter E1177241 ,VALEO VRS," 2,968 "," 2,950 ", 18 ,0, $-   ,,26,3,,,10,0,38,1,,3-Nov,,,,,,
2310,2099931,6466-0008-05,PCBA K2UX GMC DRL LH Ver5           ,MAGNA, 800 , 225 , -   ,575," $285,690 ",,21,9,21-27,>20,0,78,75,1,,3-Nov,,,,,,
2310,2099939,6609-0028-01,PCBA K2XL FCL Cornering Light LH    ,VALEO VLS, 312 , -   , -   ,312," $44,485 ",,23,2,21-27,>20,0,79,61,1,,3-Nov,,,,,,
2310,2099940,6609-0055-00,PCBA Silverado HL DRL Up Light LH   ,VALEO VLS," 1,216 ", -   , -   ,"1,216"," $220,826 ",,5,14,0-6,<20,0,80,439,,1,3-Nov,,,,,,
2310,2099944,6609-0061-00,PCBA Toyota Avalon Base SM Light LH ,VALEO VLS, 910 , -   , -   ,910," $44,257 ",,5,31,0-6,<20,0,81,440,,1,3-Nov,,,,,,
2310,2099946,6609-0063-01,PCBA Toyota Avalon Base TI+PL(V2) L ,VALEO VLS, 520 , 2 , -   ,518," $53,293 ",,9,3,07-13,<20,0,82,324,,1,3-Nov,,,,,,
2310,2099949,6609-0067-00,PCBA Toyota Avalon Up SM Light RH   ,VALEO VLS, 780 , -   , -   ,780," $36,664 ",,3,32,0-6,<20,0,83,530,,1,3-Nov,,,,,,
2310,2099958,6609-0087-02,PCBA CX483 RCL TI & Reverse(V3) LH  ,VALEO VLS," 1,635 "," 1,284 ", 115 ,236," $54,711 ",,24,1,21-27,>20,0,84,50,1,,3-Nov,,,,,,
2310,2099959,6609-0088-02,PCBA CX483 RCL TI & Reverse(V3) RH  ,VALEO VLS," 1,100 ", 648 , 62 ,390," $106,998 ",,21,3,21-27,>20,0,85,76,1,,3-Nov,,,,,,
2310,2099960,6609-0089-02,PCBA CX483 SM Redundant(V3)LH       ,VALEO VLS," 1,038 ", 402 , -   ,636," $102,050 ",,9,10,07-13,<20,0,86,325,,1,3-Nov,,,,,,
2310,2099962,6609-0093-03,PCBA CX483 Tail Applique(V4)        ,VALEO VLS," 2,200 ", -   , -   ,"2,200"," $653,741 ",,3,70,0-6,<20,0,87,531,,1,3-Nov,,,,,,
2310,2099968,6609-0100-00,PCBA Escalade T1ULX RCL Backup LH   ,VALEO VLS," 3,224 "," 2,931 ", -   ,293," $21,946 ",,9,4,07-13,<20,0,88,326,,1,3-Nov,,,,,,
2310,2099970,6609-0104-01,PCBA Escalade T1ULX RCL SM+TI SAE L ,VALEO VLS," 1,600 ", 628 , 16 ,956," $266,889 ",,9,5,07-13,<20,0,89,327,,1,3-Nov,,,,,,
2310,2099973,6616-0019-00,PCBA CD533 MCA Parking Light LH     ,VALEO VLQ, 630 , 572 , 3 ,55," $11,620 ",,18,1,14-20,<20,0,90,138,,1,3-Nov,,,,,,
2310,2099975,6616-0047-00,PCBA GM T1 CHMSL Light              ,VALEO VLQ," 16,095 "," 16,092 ", 3 ,0, $-   ,,23,1,,,11,0,62,1,,3-Nov,,,,,,
2380,8000401,6966-0003-01,3874052 PCBA 9090 FRONT EMS C057    ,HARMAN," 3,360 "," 2,427 ", -   ,933," $396,651 ",,5,25,0-6,<20,0,91,441,,1,3-Nov,,,,,,
2310,2099983,6616-0056-00,PCBA VW371 HL Side Marker (Mid) RH  ,VALEO VLQ, 960 , -   , -   ,960," $39,994 ",,5,32,0-6,<20,0,92,442,,1,3-Nov,,,,,,
2310,2099988,6616-0063-00,PCBA Nissan W21B HL SM Light LH     ,VALEO VLQ," 6,040 "," 5,418 ", -   ,622," $24,223 ",,23,4,21-27,>20,0,93,63,1,,3-Nov,,,,,,
2310,2100000,6670-0001-01,PCBA P552 Motor Controller          ,TRICO," 9,990 ", -   , -   ,"9,990"," $1,640,921 ",,6,48,0-6,<20,0,94,417,,1,3-Nov,,,,,,
2310,2100003,6743-0004-00,PCBA Daimler Window Lifter E1168873 ,VALEO VRS," 7,056 "," 2,861 ", -   ,"4,195"," $70,990 ",,5,21,0-6,<20,0,95,443,,1,3-Nov,,,,,,
2310,2100005,6743-0008-00,PCBA Daimler Window Lifter E1168881 ,VALEO VRS," 7,056 "," 7,039 ", 17 ,0, $-   ,,16,2,,,12,0,172,,1,3-Nov,,,,,,
2310,2100006,6743-0020-00,PCBA Daimler Window Lifter E109704  ,VALEO VRS," 7,056 "," 6,860 ", 166 ,30, $495 ,,19,7,14-20,<20,0,96,106,,1,3-Nov,,,,,,
2310,2100009,6783-0006-00,PCBA NISSAN-1085 AFS Set LH         ,ZKW," 1,722 ", -   , -   ,"1,722"," $293,903 ",,4,21,0-6,<20,0,97,503,,1,3-Nov,,,,,,
2310,2100010,6783-0007-00,PCBA NISSAN-1085 AFS Set RH         ,ZKW, 942 , 942 , -   ,0, $-   ,,15,5,,,13,0,188,,1,3-Nov,,,,,,
2310,2100013,6784-0010-00,PCBA 1085 SM LED/Driver Light       ,ZKW," 1,110 ", -   , -   ,"1,110"," $37,638 ",,17,5,14-20,<20,0,98,159,,1,3-Nov,,,,,,
2310,2100021,6811-0003-00,PCBA U554 OUTER RUNNING BOARD LIGHT ,AL," 2,730 "," 2,730 ", -   ,0, $-   ,,18,3,,,14,0,139,,1,3-Nov,,,,,,
2310,2100022,6811-0004-00,PCBA U554 INNER RUNNING BOARD LIGHT ,AL," 2,392 ", 855 , -   ,"1,537"," $62,641 ",,11,10,07-13,<20,0,99,271,,1,3-Nov,,,,,,
2310,2100049,6609-0105-12,Escalade T1ULX RCL ST SAE RH V3 M1  ,VALEO VLS," 1,900 ", -   , -   ,"1,900"," $408,745 ",,5,3,0-6,<20,0,100,444,,1,3-Nov,,,,,,
2310,2100063,6609-0103-11,Escalade T1ULX RCL SM+TI SAE RH for ,VALEO VLS," 1,600 "," 1,600 ", -   ,0, $-   ,,16,1,,,15,0,173,,1,3-Nov,,,,,,
2310,2100069,3334-0015-00,PCBA Chrysler LA HL Park Rings      ,VARROC," 7,300 ", -   , -   ,"7,300"," $481,474 ",,5,27,0-6,<20,0,101,445,,1,3-Nov,,,,,,
2310,2100070,3334-0019-01,PCBA Chrysler LA RCL Appl Backup LH ,VARROC," 2,752 "," 2,752 ", -   ,0, $-   ,,18,2,,,16,0,140,,1,3-Nov,,,,,,
2310,2100071,3334-0020-01,PCBA Chrysler LA RCL Appl Backup RH ,VARROC," 2,760 "," 2,631 ", 5 ,124," $12,218 ",,11,16,07-13,<20,0,102,272,,1,3-Nov,,,,,,
2310,2100073,3511-0004-00,PCBA TJBA BUL STOP TAIL Light RH    ,NAL," 2,904 "," 1,400 ", -   ,"1,504"," $96,438 ",,5,16,0-6,<20,0,103,446,,1,3-Nov,,,,,,
2310,2100074,3511-0005-00,PCBA TJBA BUL LED Light LH          ,NAL," 1,520 "," 1,514 ", 6 ,0, $-   ,,28,1,,,17,0,30,1,,3-Nov,,,,,,
2310,2100075,3511-0006-00,PCBA TJBA BUL LED Light RH          ,NAL," 1,600 "," 1,599 ", 1 ,0, $-   ,,12,14,,,18,0,248,,1,3-Nov,,,,,,
2380,8000407,6966-0003-11,3874052 PCBA FRONT C057 ICM211006 w ,HARMAN," 1,500 "," 1,193 ", -   ,307," $124,481 ",,4,5,0-6,<20,0,104,504,,1,3-Nov,,,,,,
2310,2100086,3511-0024-00,PCBA GC7 HL Assy B RH               ,ITO," 6,048 "," 5,959 ", 89 ,0, $-   ,,16,1,,,19,0,174,,1,3-Nov,,,,,,
2310,2100094,3511-0032-01,PCBA 320B Off Road SW 75L839-7010E  ,ITO," 4,650 "," 4,341 ", 5 ,304," $19,853 ",,11,13,07-13,<20,0,105,273,,1,3-Nov,,,,,,
2310,2100095,3511-0033-01,PCBA U611 SWS 75L575-701B           ,ITO," 1,456 "," 1,019 ", -   ,437," $47,050 ",,10,17,07-13,<20,0,106,311,,1,3-Nov,,,,,,
2310,2100096,3511-0035-00,PCBA U611 SWS 75L576-7011           ,ITO," 3,420 "," 3,403 ", 17 ,0, $-   ,,17,1,,,20,0,160,,1,3-Nov,,,,,,
2310,2100102,3511-0046-01,PCBA T1UG LDM Light Rev. E.         ,ITO," 3,200 "," 3,176 ", 24 ,0, $-   ,,21,1,,,21,0,77,1,,3-Nov,,,,,,
2310,2100103,3511-0050-00,PCBA CX430 TMS 75N320-7012A         ,ITO," 1,422 ", 990 , 14 ,418," $46,206 ",,20,4,14-20,<20,0,107,93,1,,3-Nov,,,,,,
2310,2099981,6616-0054-00,PCBA Jetta HL Side Marker Light RH  ,VALEO VLQ," 3,860 ", 33 , -   ,"3,827"," $152,941 ",,5,2,0-6,<20,0,108,447,,1,3-Nov,,,,,,
2310,2100116,4490-0061-04,PCBA DBE MFA2-H-WSHD-SOS-S29 E35422 ,VALEO VRS," 1,160 ", 60 , -   ,"1,100"," $217,175 ",,5,15,0-6,<20,0,109,448,,1,3-Nov,,,,,,
2310,2100129,4490-0087-02,PCBA MQB ( HW PCB E405183 + SW-190) ,VALEO VRS," 1,000 ", 936 , 3 ,61," $4,438 ",,11,13,07-13,<20,0,110,274,,1,3-Nov,,,,,,
2310,2100134,4490-0108-00,PCBA Daimler Window Lifter E110369  ,VALEO VRS, 420 , 420 , -   ,0, $-   ,,24,4,,,22,0,51,1,,3-Nov,,,,,,
2310,2099980,6616-0053-00,PCBA Jetta HL Side Marker Light LH  ,VALEO VLQ," 2,880 "," 2,880 ", -   ,0, $-   ,,11,0,,,0,0,275,,1,3-Nov,,,,,,
2310,2100136,4490-0113-00,PCBA Daimler Window Lifter E1171930 ,VALEO VRS, 420 , 378 , -   ,42," $2,939 ",,7,17,07-13,<20,0,111,387,,1,3-Nov,,,,,,
2310,2100151,6609-0023-04,PCBA WK DRL & SM Light SAE RH(Harne ,VALEO VLS," 1,590 "," 1,093 ", 2 ,495," $192,182 ",,15,3,14-20,<20,0,112,189,,1,3-Nov,,,,,,
2310,2100155,6609-0056-00,PCBA Silverado HL DRL Up Light RH   ,VALEO VLS, 672 , 596 , 2 ,74," $13,574 ",,11,15,07-13,<20,0,113,276,,1,3-Nov,,,,,,
2310,2100157,6609-0058-00,PCBA Silverado HL Turn Indicator Li ,VALEO VLS," 1,876 "," 1,122 ", 5 ,749," $63,088 ",,5,12,0-6,<20,0,114,449,,1,3-Nov,,,,,,
2310,2100158,6609-0059-00,PCBA Sierra HL Turn Indicator Light ,VALEO VLS," 4,760 "," 4,698 ", 62 ,0, $-   ,,11,1,,,23,0,277,,1,3-Nov,,,,,,
2310,2100163,6609-0064-01,PCBA Toyota Avalon Base TI+PL(V2) R ,VALEO VLS, 504 , 336 , 25 ,143," $14,876 ",,30,4,28-34,>20,0,115,25,1,,3-Nov,,,,,,
2310,2100169,6609-0078-01,PCBA U611 RCL Tail Light  (V2) LH   ,VALEO VLS," 2,100 "," 2,074 ", -   ,26," $1,923 ",,8,12,07-13,<20,0,116,358,,1,3-Nov,,,,,,
2310,2100170,6609-0080-01,PCBA U611 Applique Driver RevF      ,VALEO VLS," 1,106 ", 945 , 2 ,159," $31,042 ",,7,8,07-13,<20,0,117,388,,1,3-Nov,,,,,,
2310,2100171,6609-0081-00,PCBA U611 Fiber Light LH/RH         ,VALEO VLS," 2,880 ", 956 , -   ,"1,924"," $90,103 ",,5,23,0-6,<20,0,118,450,,1,3-Nov,,,,,,
2310,2100173,6609-0083-01,PCBA Sierra TI HD Light RH V2       ,VALEO VLS," 4,300 "," 4,289 ", 11 ,0, $-   ,,14,6,,,24,0,213,,1,3-Nov,,,,,,
2310,2100174,6609-0085-03,PCBA CX483 RCL Stop(V4) LH          ,VALEO VLS," 1,600 "," 1,215 ", -   ,385," $75,110 ",,9,11,07-13,<20,0,119,328,,1,3-Nov,,,,,,
2310,2100176,6609-0087-02,PCBA CX483 RCL TI & Reverse(V3) LH  ,VALEO VLS, 25 , -   , -   ,25," $5,796 ",,24,1,21-27,>20,0,120,52,1,,3-Nov,,,,,,
2310,2100177,6609-0088-02,PCBA CX483 RCL TI & Reverse(V3) RH  ,VALEO VLS," 1,030 ", -   , -   ,"1,030"," $282,586 ",,11,13,07-13,<20,0,121,278,,1,3-Nov,,,,,,
2310,2100178,6609-0089-02,PCBA CX483 SM Redundant(V3)LH       ,VALEO VLS," 1,020 ", -   , -   ,"1,020"," $163,666 ",,1,71,0-6,<20,0,122,566,,1,3-Nov,,,,,,
2310,2100185,6609-0099-00,PCBA Escalade T1ULX RCL Backup RH   ,VALEO VLS," 3,224 "," 3,132 ", -   ,92," $6,957 ",,9,10,07-13,<20,0,123,329,,1,3-Nov,,,,,,
2310,2100193,6616-0048-00,PCBA Ford CD539 Fog Light LH/RH     ,VALEO VLQ," 13,200 ", 716 , -   ,"12,484"," $644,644 ",,24,4,21-27,>20,0,124,53,1,,3-Nov,,,,,,
2310,2100195,6616-0051-00,PCBA Jetta HL DRL/PL Eco Reflector  ,VALEO VLQ," 2,880 "," 2,232 ", 59 ,589," $44,686 ",,30,3,28-34,>20,0,125,26,1,,3-Nov,,,,,,
2310,2100203,6616-0059-00,PCBA DJ RAM MID Signature PL LH     ,VALEO VLQ," 2,016 "," 1,853 ", -   ,163," $14,855 ",,11,13,07-13,<20,0,126,279,,1,3-Nov,,,,,,
2310,2100215,6639-0008-00,PCBA X6S Trunk Tail Driver&Tail Lig ,VALEO VLS," 2,200 "," 2,123 ", 12 ,65," $1,986 ",,23,3,21-27,>20,0,127,64,1,,3-Nov,,,,,,
2310,2100219,6670-0001-01,PCBA P552 Motor Controller          ,TRICO," 9,000 ", -   , -   ,"9,000"," $1,478,307 ",,1,49,0-6,<20,0,128,567,,1,3-Nov,,,,,,
2310,2100223,6743-0005-00,PCBA Daimler Window Lifter E1168875 ,VALEO VRS," 7,056 "," 7,054 ", 2 ,0, $-   ,,19,2,,,25,0,107,,1,3-Nov,,,,,,
2310,2100224,6743-0008-00,PCBA Daimler Window Lifter E1168881 ,VALEO VRS," 7,056 "," 7,055 ", 1 ,0, $-   ,,11,16,,,26,0,280,,1,3-Nov,,,,,,
2310,2100228,6783-0007-00,PCBA NISSAN-1085 AFS Set RH         ,ZKW," 1,704 "," 1,602 ", 2 ,100," $16,173 ",,9,9,07-13,<20,0,129,330,,1,3-Nov,,,,,,
2310,2100229,6784-0006-00,PCBA 1085 DRL/TI LH Light           ,ZKW," 1,350 "," 1,192 ", 25 ,133," $14,823 ",,23,4,21-27,>20,0,130,65,1,,3-Nov,,,,,,
2310,2100232,6784-0010-00,PCBA 1085 SM LED/Driver Light       ,ZKW," 4,170 ", -   , -   ,"4,170"," $141,397 ",,5,35,0-6,<20,0,131,451,,1,3-Nov,,,,,,
2310,2100233,6784-0011-02,PCBA Ford 1087 TI Light_PCA         ,ZKW," 1,815 "," 1,786 ", 29 ,0, $-   ,,15,2,,,27,0,190,,1,3-Nov,,,,,,
2310,2100235,6784-0013-00,PCBA Ford 1087 SD RH Light          ,ZKW," 1,122 ", 846 , 6 ,270," $43,770 ",,10,16,07-13,<20,0,132,312,,1,3-Nov,,,,,,
2310,2100237,6784-0019-01,PCBA Ford 1087 DRL/PL T/B Set LH Ve ,ZKW, 460 , 260 , 110 ,90," $53,860 ",,32,4,28-34,>20,0,133,21,1,,3-Nov,,,,,,
2310,2100243,6811-0003-00,PCBA U554 OUTER RUNNING BOARD LIGHT ,AL," 2,392 ", 398 , -   ,"1,994"," $82,659 ",,11,17,07-13,<20,0,134,281,,1,3-Nov,,,,,,
2310,2100244,6811-0004-00,PCBA U554 INNER RUNNING BOARD LIGHT ,AL," 1,820 ", -   , -   ,"1,820"," $74,175 ",,5,27,0-6,<20,0,135,452,,1,3-Nov,,,,,,
2310,2100247,6812-0003-00,PCBA Chrysler RU HL DRL/POS LH      ,AL," 4,320 "," 4,066 ", 68 ,186," $13,771 ",,28,2,28-34,>20,0,136,31,1,,3-Nov,,,,,,
2310,2100253,6863-0006-00,PCBA VW371 Tail Reverse Light RH    ,AL," 2,184 "," 2,179 ", 1 ,4, $272 ,,15,15,14-20,<20,0,137,191,,1,3-Nov,,,,,,
2310,2100257,6971-0003-00,PCBA FIAT 2810 DRL/POS LITHT        ,AL," 2,886 "," 2,561 ", -   ,325," $23,736 ",,9,20,07-13,<20,0,138,331,,1,3-Nov,,,,,,
2310,2100258,6971-0004-00,PCBA Jeep Renegade 5211 DRL_TI      ,AL," 2,448 ", -   , -   ,"2,448"," $484,235 ",,4,30,0-6,<20,0,139,505,,1,3-Nov,,,,,,
2310,2100259,7013-0001-00,PCBA Jeep Compass RL T1 LH          ,AL," 1,800 "," 1,183 ", 61 ,556," $54,471 ",,32,2,28-34,>20,0,140,22,1,,3-Nov,,,,,,
2310,2100270,6609-0105-22,Escalade T1ULX RCL ST SAE RH V3 M2  ,VALEO VLS," 2,400 ", 876 , -   ,"1,524"," $381,383 ",,18,2,14-20,<20,0,141,141,,1,3-Nov,,,,,,
2310,2100271,6609-0106-12,Escalade T1ULX RCL ST SAE LH V3 M1  ,VALEO VLS," 2,600 ", 918 , -   ,"1,682"," $357,027 ",,11,3,07-13,<20,0,142,282,,1,3-Nov,,,,,,
2310,2100272,6609-0106-22,Escalade T1ULX RCL ST SAE LH V3 M2  ,VALEO VLS," 2,600 "," 1,136 ", -   ,"1,464"," $364,114 ",,10,6,07-13,<20,0,143,313,,1,3-Nov,,,,,,
2310,2100273,6609-0106-02,PCBA Escalade T1ULX RCL ST SAE LH V ,VALEO VLS," 2,600 ", 726 , -   ,"1,874"," $1,089,792 ",,11,14,07-13,<20,0,144,283,,1,3-Nov,,,,,,
2310,2100282,3511-0064-01,PCBA BT1FG CHL A RH REV4            ,ITO, 210 , 156 , -   ,54," $46,775 ",,8,15,07-13,<20,0,145,359,,1,3-Nov,,,,,,
2310,2100294,6609-0002-03,PCBA GMT 968 DRL Light RH (MX)      ,VALEO VLS, 504 , -   , -   ,504," $121,878 ",,18,7,14-20,<20,0,146,142,,1,3-Nov,,,,,,
2310,2100298,6609-0003-04,PCBA GMT967 DRL Light LH (MX)       ,VALEO VLS, 510 , 392 , 32 ,86," $24,943 ",,26,1,21-27,>20,0,147,39,1,,3-Nov,,,,,,
2310,2100304,6616-0029-01,PCBA CD391 High High Beam Light LH  ,VALEO VLQ, 720 , 456 , -   ,264," $30,427 ",,8,6,07-13,<20,0,148,360,,1,3-Nov,,,,,,
2310,2100326,4490-0111-00,PCBA Daimler Window Lifter E1176948 ,VALEO VRS," 2,250 "," 2,050 ", 8 ,192," $13,269 ",,28,3,28-34,>20,0,149,32,1,,3-Nov,,,,,,
2310,2100341,3511-0063-01,PCBA BT1FG CHL A LH REV4            ,ITO, 210 , 156 , -   ,54," $46,290 ",,8,5,07-13,<20,0,150,361,,1,3-Nov,,,,,,
2310,2100344,6616-0035-01,PCBA CD391 High Turn Light LH (V2)  ,VALEO VLQ, 390 , 300 , 7 ,83," $14,706 ",,31,1,28-34,>20,0,151,24,1,,3-Nov,,,,,,
2310,2100355,6609-0103-11,Escalade T1ULX RCL SM+TI SAE RH for ,VALEO VLS," 2,184 ", 787 , -   ,"1,397"," $285,469 ",,9,3,07-13,<20,0,152,332,,1,3-Nov,,,,,,
2310,2100359,4490-0106-00,PCBA Daimler Window Lifter E107878  ,VALEO VRS, 504 , 442 , -   ,62," $1,651 ",,17,5,14-20,<20,0,153,161,,1,3-Nov,,,,,,
2310,2100364,6609-0077-01,PCBA U611 RCL Turn V2 RH            ,VALEO VLS, 750 , 608 , -   ,142," $20,845 ",,19,0,14-20,<20,0,0,108,,1,3-Nov,,,,,,
2310,2100367,6616-0018-00,PCBA Chrysler LD Fog Light RH       ,VALEO VLQ," 1,080 ", -   , -   ,"1,080"," $172,278 ",,4,15,0-6,<20,0,154,506,,1,3-Nov,,,,,,
2310,2100375,3511-0005-00,PCBA TJBA BUL LED Light LH          ,NAL, 700 , -   , -   ,700," $77,716 ",,5,19,0-6,<20,0,155,453,,1,3-Nov,,,,,,
2310,2100383,6609-0094-01,PCBA CX483 RCL Stop Mono Driver(V2) ,VALEO VLS," 1,908 "," 1,574 ", 2 ,332," $34,311 ",,17,1,14-20,<20,0,156,162,,1,3-Nov,,,,,,
2310,2100384,6609-0095-01,PCBA CX483 RCL Stop Mono Driver(V2) ,VALEO VLS," 1,284 "," 1,085 ", 7 ,192," $20,634 ",,15,4,14-20,<20,0,157,192,,1,3-Nov,,,,,,
2310,2100395,6466-0008-15,PCBA K2UX GMC DRL LH Ver5 for M1    ,MAGNA, 800 , 277 , 9 ,514," $59,418 ",,19,11,14-20,<20,0,158,109,,1,3-Nov,,,,,,
2310,2100396,6466-0008-25,PCBA K2UX GMC DRL LH Ver5 for M2    ,MAGNA, 400 , 265 , 3 ,132," $36,554 ",,19,1,14-20,<20,0,159,110,,1,3-Nov,,,,,,
2310,2100397,6609-0103-21,Escalade T1ULX RCL SM+TI SAE RH for ,VALEO VLS," 3,060 "," 2,127 ", 1 ,932," $20,763 ",,16,8,14-20,<20,0,160,175,,1,3-Nov,,,,,,
2310,2100398,3334-0020-01,PCBA Chrysler LA RCL Appl Backup RH ,VARROC," 2,704 "," 2,694 ", 10 ,0, $-   ,,17,3,,,28,0,163,,1,3-Nov,,,,,,
2310,2100410,6609-0076-01,PCBA U611 RCL Turn V2 LH            ,VALEO VLS," 1,404 ", -   , -   ,"1,404"," $204,217 ",,5,9,0-6,<20,0,161,454,,1,3-Nov,,,,,,
2310,2100412,6609-0096-01,PCBA CX483 RCL TI Mono Driver(V2)LH ,VALEO VLS," 2,160 "," 2,149 ", 11 ,0, $-   ,,18,1,,,29,0,143,,1,3-Nov,,,,,,
2310,2100415,6616-0017-00,PCBA Chrysler LD Fog Light LH       ,VALEO VLQ," 1,080 ", -   , -   ,"1,080"," $158,486 ",,4,14,0-6,<20,0,162,507,,1,3-Nov,,,,,,
2310,2100114,4490-0058-04,PCBA DBE MFA2-H-WSOS-S21 E354220D   ,VALEO VRS, 660 , 612 , -   ,48," $7,809 ",,18,32,14-20,<20,0,163,144,,1,3-Nov,,,,,,
2310,2100420,6784-0034-00,PCBA 1236 Ford Lincoln Navigator DR ,ZKW, 300 , 198 , 2 ,100," $36,928 ",,10,18,07-13,<20,0,164,314,,1,3-Nov,,,,,,
2310,2100422,3334-0019-01,PCBA Chrysler LA RCL Appl Backup LH ,VARROC," 2,760 "," 2,470 ", 3 ,287," $28,449 ",,12,17,07-13,<20,0,165,249,,1,3-Nov,,,,,,
2310,2100423,3511-0005-00,PCBA TJBA BUL LED Light LH          ,NAL," 2,400 ", 596 , -   ,"1,804"," $200,286 ",,24,3,21-27,>20,0,166,54,1,,3-Nov,,,,,,
2310,2100424,3511-0016-00,PCBA TJBA RCL LDM+Sidemarker+Aux/Ta ,NAL, 950 , 844 , 5 ,101," $27,910 ",,17,7,14-20,<20,0,167,164,,1,3-Nov,,,,,,
2310,2100425,3511-0021-00,PCBA GC7 HL Assy A LH               ,ITO," 5,000 "," 3,843 ", 30 ,"1,127"," $125,250 ",,11,13,07-13,<20,0,168,284,,1,3-Nov,,,,,,
2310,2100430,3511-0055-00,PCBA CX430 TMS 75Q381-7010A         ,ITO," 2,907 "," 1,637 ", 47 ,"1,223"," $123,621 ",,20,9,14-20,<20,0,169,94,1,,3-Nov,,,,,,
2310,2100431,3511-0056-00,PCBA J34A CHL A                     ,ITO, 950 , 588 , -   ,362," $63,797 ",,9,13,07-13,<20,0,170,333,,1,3-Nov,,,,,,
2310,2100440,6609-0095-01,PCBA CX483 RCL Stop Mono Driver(V2) ,VALEO VLS," 1,752 ", -   , -   ,"1,752"," $188,282 ",,7,14,07-13,<20,0,171,389,,1,3-Nov,,,,,,
2310,2100442,6616-0061-00,PCBA DJ RAM SM Light                ,VALEO VLQ, 50 , 10 , 40 ,0, $-   ,,29,0,,,0,0,27,1,,3-Nov,,,,,,
2310,2100443,6616-0067-00,PCBA GM T1 Suburb Tahoe Interface L ,VALEO VLQ," 4,992 "," 2,853 ", 5 ,"2,134"," $151,582 ",,14,29,14-20,<20,0,172,214,,1,3-Nov,,,,,,
2310,2100444,6784-0009-00,PCBA 1085 High Beam Light           ,ZKW," 1,320 "," 1,137 ", 1 ,182," $14,908 ",,15,19,14-20,<20,0,173,193,,1,3-Nov,,,,,,
2310,2100445,6784-0019-01,PCBA Ford 1087 DRL/PL T/B Set LH Ve ,ZKW, 660 , -   , -   ,660," $394,970 ",,26,10,21-27,>20,0,174,40,1,,3-Nov,,,,,,
2310,2100446,6784-0020-01,PCBA Ford 1087 DRL/PL T/B Set RH Ve ,ZKW, 660 , 607 , 53 ,0, $-   ,,25,8,,,30,0,46,1,,3-Nov,,,,,,
2310,2100449,7013-0002-00,PCBA Jeep Compass T1 RH             ,AL," 1,220 ", 918 , 10 ,292," $30,249 ",,19,7,14-20,<20,0,175,111,,1,3-Nov,,,,,,
2310,2100453,4490-0084-04,PCBA DBE BR167-S-SHD-S40B VTA E3543 ,VALEO VRS, 660 , 658 , 2 ,0, $-   ,,18,1,,,31,0,145,,1,3-Nov,,,,,,
2310,2100454,4490-0101-00,PCBA Daimler Window Lifter E1171922 ,VALEO VRS," 9,000 "," 8,929 ", 71 ,0, $-   ,,19,6,,,32,0,112,,1,3-Nov,,,,,,
2310,2100455,5412-0022-02,PCBA MFA2 BR167 LHD CW V3           ,VALEO VWS," 6,810 "," 6,776 ", 34 ,0, $-   ,,19,1,,,33,0,113,,1,3-Nov,,,,,,
2310,2100456,6743-0023-00,PCBA Daimler Window Lifter E1168878 ,VALEO VRS," 20,664 "," 20,648 ", 16 ,0, $-   ,,17,6,,,34,0,165,,1,3-Nov,,,,,,
2310,2100460,6609-0106-12,Escalade T1ULX RCL ST SAE LH V3 M1  ,VALEO VLS," 1,300 ", -   , -   ,"1,300"," $275,942 ",,7,4,07-13,<20,0,176,390,,1,3-Nov,,,,,,
2310,2100461,6609-0106-22,Escalade T1ULX RCL ST SAE LH V3 M2  ,VALEO VLS," 1,400 ", 672 , 4 ,724," $180,067 ",,21,1,21-27,>20,0,177,78,1,,3-Nov,,,,,,
2310,2100462,4490-0053-24,DAIMLER DBE VTA (V1)                ,VALEO VRS," 5,004 "," 4,926 ", 78 ,0, $-   ,,19,1,,,35,0,114,,1,3-Nov,,,,,,
2310,2100478,6466-0011-25,PCBA K2UX Chevy UP DRL RH ver5 for  ,MAGNA, 521 , 516 , 5 ,0, $-   ,,26,1,,,36,0,41,1,,3-Nov,,,,,,
2310,2100480,6466-0009-05,PCBA K2UX GMC DRL RH Ver5           ,MAGNA, 795 , 795 , -   ,0, $-   ,,19,2,,,37,0,115,,1,3-Nov,,,,,,
2310,2100484,6616-0061-00,PCBA DJ RAM SM Light                ,VALEO VLQ," 13,500 "," 13,246 ", 5 ,249," $4,814 ",,12,14,07-13,<20,0,178,250,,1,3-Nov,,,,,,
2310,2100485,6863-0001-00,PCBA VW371 Tail Stop/SM Light LH    ,AL," 4,320 "," 4,189 ", 14 ,117," $14,247 ",,24,6,21-27,>20,0,179,55,1,,3-Nov,,,,,,
2310,2100487,6639-0007-00,PCBA X6S Trunk Tail Driver&Tail Lig ,VALEO VLS," 2,100 "," 2,081 ", 19 ,0, $-   ,,23,7,,,38,0,66,1,,3-Nov,,,,,,
2310,2100488,6812-0002-00,PCBA Jeep Jumper Light HL SAE       ,AL," 13,840 "," 12,602 ", 19 ,"1,219"," $8,813 ",,23,3,21-27,>20,0,180,67,1,,3-Nov,,,,,,
2310,2100489,6609-0027-03,PCBA WK16.5 Turn Indicator Light RH ,VALEO VLS," 2,952 "," 2,947 ", 5 ,0, $-   ,,19,2,,,39,0,116,,1,3-Nov,,,,,,
2310,2100492,6784-0007-00,PCBA 1085 DRL/TI RH Light           ,ZKW," 1,350 ", 770 , 38 ,542," $59,324 ",,21,4,21-27,>20,0,181,79,1,,3-Nov,,,,,,
2310,2100495,6812-0003-00,PCBA Chrysler RU HL DRL/POS LH      ,AL," 2,880 ", -   , -   ,"2,880"," $213,234 ",,5,23,0-6,<20,0,182,455,,1,3-Nov,,,,,,
2310,2100496,6812-0004-00,PCBA Chrysler RU HL DRL/POS RH      ,AL," 2,880 ", 360 , -   ,"2,520"," $190,486 ",,5,23,0-6,<20,0,183,456,,1,3-Nov,,,,,,
2310,2100497,6812-0001-00,PCBA Jeep Signature Light HL SAE    ,AL," 11,744 "," 10,801 ", 16 ,927," $17,268 ",,19,4,14-20,<20,0,184,117,,1,3-Nov,,,,,,
2310,2100508,4490-0065-04,PCBA DBE BR167-WSHD- SOS-S38 E35424 ,VALEO VRS," 1,320 "," 1,319 ", 1 ,0, $-   ,,21,5,,,40,0,80,1,,3-Nov,,,,,,
2310,2100511,4490-0065-14,PCBA DBE BR167-WSHD- SOS-S38 Main   ,VALEO VRS, 600 , -   , -   ,600," $103,844 ",,1,90,0-6,<20,0,185,568,,1,3-Nov,,,,,,
2310,2100514,6609-0103-21,Escalade T1ULX RCL SM+TI SAE RH for ,VALEO VLS," 2,184 ", -   , -   ,"2,184"," $48,655 ",,9,1,07-13,<20,0,186,334,,1,3-Nov,,,,,,
2310,2100515,6609-0022-10,WK DRL & SM Light SAE LH(Harness)V1 ,VALEO VLS, 832 , 467 , -   ,365," $94,161 ",,12,4,07-13,<20,0,187,251,,1,3-Nov,,,,,,
2310,2100520,6609-0077-01,PCBA U611 RCL Turn V2 RH            ,VALEO VLS," 1,524 ", -   , -   ,"1,524"," $223,716 ",,4,25,0-6,<20,0,188,508,,1,3-Nov,,,,,,
2310,2100522,6609-0097-01,PCBA CX483 RCL TI Mono Driver(V2)RH ,VALEO VLS," 2,136 "," 2,018 ", 4 ,114," $9,631 ",,12,10,07-13,<20,0,189,252,,1,3-Nov,,,,,,
2310,2100527,7013-0002-00,PCBA Jeep Compass T1 RH             ,AL," 3,300 ", -   , -   ,"3,300"," $341,859 ",,1,37,0-6,<20,0,190,569,,1,3-Nov,,,,,,
2310,2100528,4490-0065-04,PCBA DBE BR167-WSHD- SOS-S38 E35424 ,VALEO VRS, 660 , 541 , -   ,119," $24,856 ",,7,14,07-13,<20,0,191,391,,1,3-Nov,,,,,,
2310,2100530,4490-0065-14,PCBA DBE BR167-WSHD- SOS-S38 Main   ,VALEO VRS, 660 , -   , -   ,660," $114,229 ",,7,7,07-13,<20,0,192,392,,1,3-Nov,,,,,,
2310,2100536,6609-0082-01,PCBA Sierra TI HD Light LH V2       ,VALEO VLS," 1,000 "," 1,000 ", -   ,0, $-   ,,25,0,,,0,0,47,1,,3-Nov,,,,,,
2310,2100539,6609-0029-01,PCBA K2XL FCL Cornering Light RH    ,VALEO VLS, 312 , -   , -   ,312," $41,683 ",,23,5,21-27,>20,0,193,68,1,,3-Nov,,,,,,
2310,2100540,6863-0002-00,PCBA VW371 Tail Stop/SM Light RH    ,AL," 2,160 "," 2,005 ", 17 ,138," $16,567 ",,21,5,21-27,>20,0,194,81,1,,3-Nov,,,,,,
2310,2100545,3511-0030-01,PCBA 320B Off Road SW 75L837-7010D  ,ITO," 2,700 ", -   , -   ,"2,700"," $123,453 ",,5,24,0-6,<20,0,195,457,,1,3-Nov,,,,,,
2310,2100546,3511-0046-01,PCBA T1UG LDM Light Rev. E.         ,ITO," 1,588 "," 1,584 ", 4 ,0, $-   ,,14,3,,,41,0,215,,1,3-Nov,,,,,,
2310,2100548,4490-0090-00,PCBA MBH2 ANT Nissan                ,VALEO VRS," 3,120 "," 2,928 ", 7 ,185," $31,346 ",,19,11,14-20,<20,0,196,118,,1,3-Nov,,,,,,
2310,2100549,6616-0047-00,PCBA GM T1 CHMSL Light              ,VALEO VLQ," 24,300 "," 18,004 ", 115 ,"6,181"," $399,535 ",,18,7,14-20,<20,0,197,146,,1,3-Nov,,,,,,
2310,2100552,4490-0101-00,PCBA Daimler Window Lifter E1171922 ,VALEO VRS," 9,000 "," 7,479 ", 4 ,"1,517"," $143,166 ",,12,16,07-13,<20,0,198,253,,1,3-Nov,,,,,,
2310,2100553,6609-0083-01,PCBA Sierra TI HD Light RH V2       ,VALEO VLS, 900 , -   , -   ,900," $82,549 ",,5,12,0-6,<20,0,199,458,,1,3-Nov,,,,,,
2310,2100555,3511-0015-00,PCBA TJBA RCL LDM+Sidemarker+Aux/Ta ,NAL," 1,060 ", 861 , 1 ,198," $59,458 ",,15,9,14-20,<20,0,200,194,,1,3-Nov,,,,,,
2310,2100556,6609-0026-03,PCBA WK16.5 Turn Indicator Light LH ,VALEO VLS," 6,752 "," 6,586 ", 48 ,118," $7,084 ",,15,10,14-20,<20,0,201,195,,1,3-Nov,,,,,,
2310,2100557,6639-0005-00,PCBA X6S Fender Stop Driver&Tail Li ,VALEO VLS," 1,584 "," 1,252 ", -   ,332," $31,204 ",,8,14,07-13,<20,0,202,362,,1,3-Nov,,,,,,
2310,2100559,4490-0115-00,PCBA Daimler Window Lifter E1176951 ,VALEO VRS," 2,250 "," 1,851 ", 1 ,398," $28,611 ",,14,12,14-20,<20,0,203,216,,1,3-Nov,,,,,,
2310,2100560,6609-0027-03,PCBA WK16.5 Turn Indicator Light RH ,VALEO VLS," 6,752 "," 6,752 ", -   ,0, $-   ,,7,17,,,42,0,393,,1,3-Nov,,,,,,
2310,2100566,6784-0020-01,PCBA Ford 1087 DRL/PL T/B Set RH Ve ,ZKW, 400 , 1 , -   ,399," $234,764 ",,18,9,14-20,<20,0,204,147,,1,3-Nov,,,,,,
2310,2100567,6609-0105-02,PCBA Escalade T1ULX RCL ST SAE RH V ,VALEO VLS," 2,400 "," 1,185 ", 3 ,"1,212"," $706,568 ",,18,5,14-20,<20,0,205,148,,1,3-Nov,,,,,,
2310,2100568,6609-0105-12,Escalade T1ULX RCL ST SAE RH V3 M1  ,VALEO VLS," 2,400 ", 685 , -   ,"1,715"," $368,946 ",,18,3,14-20,<20,0,206,149,,1,3-Nov,,,,,,
2310,2100569,3511-0030-01,PCBA 320B Off Road SW 75L837-7010D  ,ITO," 5,400 "," 4,968 ", 21 ,411," $18,792 ",,17,3,14-20,<20,0,207,166,,1,3-Nov,,,,,,
2310,2100570,3511-0031-01,PCBA 320B Off Road SW 75L838-7011B  ,ITO," 2,202 "," 2,019 ", 9 ,174," $16,629 ",,16,11,14-20,<20,0,208,176,,1,3-Nov,,,,,,
2310,2100571,6616-0068-00,PCBA Nissan P33A Fog Light LH       ,VALEO VLQ, 900 , 788 , -   ,112," $6,896 ",,16,4,14-20,<20,0,209,177,,1,3-Nov,,,,,,
2310,2100572,6616-0069-00,PCBA Nissan P33A Fog Light RH       ,VALEO VLQ, 900 , 705 , -   ,195," $12,082 ",,16,2,14-20,<20,0,210,178,,1,3-Nov,,,,,,
2310,2100579,6466-0008-25,PCBA K2UX GMC DRL LH Ver5 for M2    ,MAGNA, 400 , -   , -   ,400," $110,770 ",,19,3,14-20,<20,0,211,119,,1,3-Nov,,,,,,
2310,2100580,4490-0067-04,PCBA DBE BR167-WSHD-IRS-S40 VTA E35 ,VALEO VRS," 1,200 "," 1,186 ", 14 ,0, $-   ,,19,1,,,43,0,120,,1,3-Nov,,,,,,
2310,2100581,4490-0058-14,PCBA DBE MFA2-H-WSOS-S21 Main       ,VALEO VRS, 660 , 601 , 1 ,58," $9,467 ",,18,3,14-20,<20,0,212,150,,1,3-Nov,,,,,,
2310,2100582,6863-0005-00,PCBA VW371 Tail Reverse Light LH    ,AL," 4,362 "," 4,320 ", 7 ,35," $2,340 ",,18,6,14-20,<20,0,213,151,,1,3-Nov,,,,,,
2310,2100584,4490-0067-04,PCBA DBE BR167-WSHD-IRS-S40 VTA E35 ,VALEO VRS," 1,200 "," 1,200 ", -   ,0, $-   ,,17,1,,,44,0,167,,1,3-Nov,,,,,,
2310,2100588,6784-0012-00,PCBA Ford 1087 SD LH Light          ,ZKW, 582 , 500 , -   ,82," $13,995 ",,15,7,14-20,<20,0,214,196,,1,3-Nov,,,,,,
2310,2100135,4490-0110-00,PCBA Daimler Window Lifter E1177241 ,VALEO VRS," 3,416 "," 3,398 ", 18 ,0, $-   ,,18,8,,,45,0,152,,1,3-Nov,,,,,,
2310,2100590,6639-0009-00,PCBA X6S Headlamp LH                ,VALEO VLS," 2,208 "," 1,621 ", 1 ,586," $25,415 ",,13,9,07-13,<20,0,215,229,,1,3-Nov,,,,,,
2310,2100592,4490-0084-04,PCBA DBE BR167-S-SHD-S40B VTA E3543 ,VALEO VRS, 660 , 659 , 1 ,0, $-   ,,15,1,,,46,0,197,,1,3-Nov,,,,,,
2310,2100593,4490-0084-14,DAIMLER DBE BR167-S-SHD-S40B VTA Ma ,VALEO VRS, 660 , 633 , 2 ,25," $4,349 ",,15,5,14-20,<20,0,216,198,,1,3-Nov,,,,,,
2310,2100594,4490-0078-14,PCBA DBE MFA2-H-SSHD-SOS-S29B Main  ,VALEO VRS, 660 , 602 , -   ,58," $9,638 ",,13,3,07-13,<20,0,217,230,,1,3-Nov,,,,,,
2310,2100595,6784-0021-00,PCBA Ford 1153 Fog Light            ,ZKW," 10,620 "," 10,523 ", 97 ,0, $-   ,,14,1,,,47,0,217,,1,3-Nov,,,,,,
2310,2100596,6639-0010-00,PCBA X6S Headlamp RH                ,VALEO VLS," 2,208 "," 2,093 ", 2 ,113," $4,918 ",,13,25,07-13,<20,0,218,231,,1,3-Nov,,,,,,
2310,2100598,4490-0067-04,PCBA DBE BR167-WSHD-IRS-S40 VTA E35 ,VALEO VRS," 1,100 "," 1,100 ", -   ,0, $-   ,,13,1,,,48,0,232,,1,3-Nov,,,,,,
2310,2100599,4490-0067-14,DAIMLER DBE BR167-WSHD-IRS-S40 VTA  ,VALEO VRS," 1,100 "," 1,100 ", -   ,0, $-   ,,13,1,,,49,0,233,,1,3-Nov,,,,,,
2310,2100600,6639-0006-00,PCBA X6S Fender Stop Driver&Tail Li ,VALEO VLS," 3,168 "," 3,168 ", -   ,0, $-   ,,14,10,,,50,0,218,,1,3-Nov,,,,,,
2310,2100601,4490-0053-24,DAIMLER DBE VTA (V1)                ,VALEO VRS," 4,302 ", 143 , -   ,"4,159"," $628,679 ",,13,15,07-13,<20,0,219,234,,1,3-Nov,,,,,,
2310,2100602,6609-0023-04,PCBA WK DRL & SM Light SAE RH(Harne ,VALEO VLS," 2,800 "," 2,013 ", 16 ,771," $299,339 ",,13,12,07-13,<20,0,220,235,,1,3-Nov,,,,,,
2310,2100418,6784-0028-00,PCBA Ford 1144 SMSI Light           ,ZKW," 1,260 ", -   , -   ,"1,260"," $23,428 ",,5,6,0-6,<20,0,221,459,,1,3-Nov,,,,,,
2310,2100604,6609-0022-04,PCBA WK DRL & SM Light SAE LH(Harne ,VALEO VLS, 832 , 232 , 27 ,573," $220,867 ",,12,7,07-13,<20,0,222,254,,1,3-Nov,,,,,,
2310,2100605,6743-0005-00,PCBA Daimler Window Lifter E1168875 ,VALEO VRS," 7,056 "," 6,829 ", -   ,227," $3,888 ",,12,9,07-13,<20,0,223,255,,1,3-Nov,,,,,,
2310,2100606,5412-0022-02,PCBA MFA2 BR167 LHD CW V3           ,VALEO VWS," 6,960 "," 6,946 ", 14 ,0, $-   ,,12,15,,,51,0,256,,1,3-Nov,,,,,,
2310,2100607,6609-0023-04,PCBA WK DRL & SM Light SAE RH(Harne ,VALEO VLS," 2,240 ", -   , -   ,"2,240"," $869,674 ",,11,15,07-13,<20,0,224,285,,1,3-Nov,,,,,,
2310,2100608,6743-0023-00,PCBA Daimler Window Lifter E1168878 ,VALEO VRS," 21,168 "," 21,150 ", 1 ,17, $270 ,,11,17,07-13,<20,0,225,286,,1,3-Nov,,,,,,
2310,2100609,6616-0060-00,PCBA DJ RAM MID Signature PL RH     ,VALEO VLQ," 2,016 "," 1,974 ", -   ,42," $3,842 ",,11,13,07-13,<20,0,226,287,,1,3-Nov,,,,,,
2310,2100610,6616-0062-00,PCBA DJ RAM Cubes Premium Light     ,VALEO VLQ," 1,008 ", 384 , -   ,624," $61,229 ",,11,10,07-13,<20,0,227,288,,1,3-Nov,,,,,,
2310,2100611,4490-0085-02,PCBA MQB (HW PCB E405194 + SW-190)  ,VALEO VRS," 4,064 "," 3,637 ", -   ,427," $17,708 ",,11,13,07-13,<20,0,228,289,,1,3-Nov,,,,,,
2310,2100612,6616-0047-00,PCBA GM T1 CHMSL Light              ,VALEO VLQ," 11,745 ", -   , -   ,"11,745"," $759,188 ",,9,9,07-13,<20,0,229,335,,1,3-Nov,,,,,,
2310,2100613,6616-0048-00,PCBA Ford CD539 Fog Light LH/RH     ,VALEO VLQ," 13,200 ", -   , -   ,"13,200"," $681,617 ",,9,8,07-13,<20,0,230,336,,1,3-Nov,,,,,,
2310,2100614,4490-0090-00,PCBA MBH2 ANT Nissan                ,VALEO VRS," 3,000 ", -   , -   ,"3,000"," $508,310 ",,4,35,0-6,<20,0,231,509,,1,3-Nov,,,,,,
2310,2100615,6616-0064-00,PCBA Nissan W21B HL SM Light RH     ,VALEO VLQ," 5,000 ", -   , -   ,"5,000"," $192,491 ",,5,12,0-6,<20,0,232,460,,1,3-Nov,,,,,,
2310,2100616,4490-0110-00,PCBA Daimler Window Lifter E1177241 ,VALEO VRS," 1,792 "," 1,014 ", -   ,778," $49,121 ",,9,19,07-13,<20,0,233,337,,1,3-Nov,,,,,,
2310,2100617,4490-0108-00,PCBA Daimler Window Lifter E110369  ,VALEO VRS," 1,120 ", 404 , -   ,716," $45,025 ",,8,16,07-13,<20,0,234,363,,1,3-Nov,,,,,,
2310,2100618,6616-0052-00,PCBA Jetta HL DRL/PL Eco Reflector  ,VALEO VLQ," 1,002 "," 1,002 ", -   ,0, $-   ,,7,14,,,52,0,394,,1,3-Nov,,,,,,
2310,2100619,6639-0006-00,PCBA X6S Fender Stop Driver&Tail Li ,VALEO VLS," 1,584 ", 52 , -   ,"1,532"," $144,315 ",,8,14,07-13,<20,0,235,364,,1,3-Nov,,,,,,
2310,2100621,4490-0061-14,PCBA DBE MFA2-H-WSHD-SOS-S29 Main   ,VALEO VRS, 600 , 542 , -   ,58," $10,042 ",,11,4,07-13,<20,0,236,290,,1,3-Nov,,,,,,
2310,2100622,4490-0082-04,PCBA DBE BR167-S-SHD-S38B E354319D  ,VALEO VRS," 2,260 "," 1,941 ", -   ,319," $67,676 ",,11,14,07-13,<20,0,237,291,,1,3-Nov,,,,,,
2310,2100623,4490-0082-14,PCBA DBE BR167-S-SHD-S38B Main      ,VALEO VRS," 2,260 "," 1,950 ", -   ,310," $53,825 ",,11,4,07-13,<20,0,238,292,,1,3-Nov,,,,,,
2310,2100624,6609-0060-00,PCBA Sierra HL Turn Indicator Light ,VALEO VLS," 7,032 "," 6,963 ", 36 ,33," $2,225 ",,11,14,07-13,<20,0,239,293,,1,3-Nov,,,,,,
2310,2100625,3511-0022-00,PCBA GC7 HL Assy A RH               ,ITO," 5,000 "," 4,340 ", -   ,660," $72,674 ",,11,13,07-13,<20,0,240,294,,1,3-Nov,,,,,,
2310,2100626,7013-0003-00,PCBA Jeep Compass T2 LH             ,AL," 3,900 "," 3,865 ", 35 ,0, $-   ,,11,1,,,53,0,295,,1,3-Nov,,,,,,
2310,2100629,4490-0084-04,PCBA DBE BR167-S-SHD-S40B VTA E3543 ,VALEO VRS," 2,400 "," 2,093 ", -   ,307," $114,928 ",,11,17,07-13,<20,0,241,296,,1,3-Nov,,,,,,
2310,2100630,4490-0084-14,DAIMLER DBE BR167-S-SHD-S40B VTA Ma ,VALEO VRS," 2,400 ", -   , -   ,"2,400"," $417,510 ",,11,5,07-13,<20,0,242,297,,1,3-Nov,,,,,,
2310,2100631,7013-0003-00,PCBA Jeep Compass T2 LH             ,AL," 2,480 "," 1,454 ", -   ,"1,026"," $63,681 ",,4,11,0-6,<20,0,243,510,,1,3-Nov,,,,,,
2310,2100632,6971-0001-00,PCBA VW270 POLO DRL/POS/TI LH       ,AL," 2,880 "," 2,857 ", 23 ,0, $-   ,,11,1,,,54,0,298,,1,3-Nov,,,,,,
2310,2100633,6971-0002-00,PCBA VW270 POLO DRL/POS/TI RH       ,AL," 2,880 "," 2,850 ", 30 ,0, $-   ,,11,7,,,55,0,299,,1,3-Nov,,,,,,
2310,2100635,5412-0016-00,PCBA Toyota 760A NA Motor Controlle ,VALEO VWS," 4,800 "," 1,760 ", -   ,"3,040"," $593,369 ",,10,20,07-13,<20,0,244,315,,1,3-Nov,,,,,,
2310,2100636,6784-0008-00,PCBA 1085 TI Controller Light       ,ZKW," 3,220 "," 2,358 ", -   ,862," $61,263 ",,11,11,07-13,<20,0,245,300,,1,3-Nov,,,,,,
2310,2100637,4490-0067-04,PCBA DBE BR167-WSHD-IRS-S40 VTA E35 ,VALEO VRS," 1,600 "," 1,193 ", -   ,407," $152,271 ",,8,17,07-13,<20,0,246,365,,1,3-Nov,,,,,,
2310,2100638,4490-0067-14,DAIMLER DBE BR167-WSHD-IRS-S40 VTA  ,VALEO VRS," 1,600 ", 485 , -   ,"1,115"," $199,067 ",,8,7,07-13,<20,0,247,366,,1,3-Nov,,,,,,
2310,2100639,3511-0029-01,PCBA 320B Off Road SW 75L836-7010E  ,ITO," 2,700 "," 2,376 ", -   ,324," $16,953 ",,10,17,07-13,<20,0,248,316,,1,3-Nov,,,,,,
2310,2100641,6639-0007-00,PCBA X6S Trunk Tail Driver&Tail Lig ,VALEO VLS," 2,140 ", 623 , -   ,"1,517"," $46,274 ",,9,14,07-13,<20,0,249,338,,1,3-Nov,,,,,,
2310,2100642,3511-0046-01,PCBA T1UG LDM Light Rev. E.         ,ITO," 7,000 "," 3,119 ", -   ,"3,881"," $1,419,903 ",,8,22,07-13,<20,0,250,367,,1,3-Nov,,,,,,
2310,2100643,4490-0061-14,PCBA DBE MFA2-H-WSHD-SOS-S29 Main   ,VALEO VRS," 1,160 ", -   , -   ,"1,160"," $200,848 ",,5,4,0-6,<20,0,251,461,,1,3-Nov,,,,,,
2310,2100644,6639-0009-00,PCBA X6S Headlamp LH                ,VALEO VLS," 2,244 ", -   , -   ,"2,244"," $97,325 ",,7,17,07-13,<20,0,252,395,,1,3-Nov,,,,,,
2310,2100645,6639-0011-00,PCBA X6S Headlamp LED Driver        ,VALEO VLS," 2,244 "," 2,244 ", -   ,0, $-   ,,7,11,,,56,0,396,,1,3-Nov,,,,,,
2310,2100646,6639-0011-00,PCBA X6S Headlamp LED Driver        ,VALEO VLS," 2,244 ", 200 , -   ,"2,044"," $88,249 ",,7,21,07-13,<20,0,253,397,,1,3-Nov,,,,,,
2310,2100647,6639-0010-00,PCBA X6S Headlamp RH                ,VALEO VLS," 2,244 ", -   , -   ,"2,244"," $97,670 ",,7,17,07-13,<20,0,254,398,,1,3-Nov,,,,,,
2310,2100648,3511-0023-00,PCBA GC7 HL Assy B LH               ,ITO," 6,048 "," 2,708 ", -   ,"3,340"," $541,646 ",,8,17,07-13,<20,0,255,368,,1,3-Nov,,,,,,
2310,2100649,3511-0052-01,PCBA TP1 75P633-7012                ,ITO," 1,300 ", 345 , -   ,955," $135,546 ",,11,15,07-13,<20,0,256,301,,1,3-Nov,,,,,,
2310,2100650,3511-0049-00,PCBA U625 TMS 75N673-7011           ,ITO," 6,705 "," 6,688 ", 17 ,0, $-   ,,11,35,,,57,0,302,,1,3-Nov,,,,,,
2310,2100651,6784-0011-02,PCBA Ford 1087 TI Light_PCA         ,ZKW," 3,025 "," 2,872 ", -   ,153," $12,612 ",,10,18,07-13,<20,0,257,317,,1,3-Nov,,,,,,
2310,2100652,6784-0021-00,PCBA Ford 1153 Fog Light            ,ZKW," 14,520 "," 8,288 ", -   ,"6,232"," $189,474 ",,10,17,07-13,<20,0,258,318,,1,3-Nov,,,,,,
2310,2100654,3511-0027-01,PCBA S550 FCL SAE LS Header Light   ,NAL," 1,536 "," 1,248 ", -   ,288," $11,263 ",,9,13,07-13,<20,0,259,339,,1,3-Nov,,,,,,
2310,2100655,6609-0105-02,PCBA Escalade T1ULX RCL ST SAE RH V ,VALEO VLS," 1,900 ", -   , -   ,"1,900"," $1,107,655 ",,5,14,0-6,<20,0,260,462,,1,3-Nov,,,,,,
2310,2100656,6609-0105-22,Escalade T1ULX RCL ST SAE RH V3 M2  ,VALEO VLS," 1,900 ", -   , -   ,"1,900"," $475,477 ",,3,37,0-6,<20,0,261,532,,1,3-Nov,,,,,,
2310,2100658,3511-0024-00,PCBA GC7 HL Assy B RH               ,ITO," 6,048 "," 4,608 ", -   ,"1,440"," $230,212 ",,8,25,07-13,<20,0,262,369,,1,3-Nov,,,,,,
2310,2100659,6609-0103-01,PCBA Escalade T1ULX RCL SM+TI SAE R ,VALEO VLS," 2,184 ", 304 , -   ,"1,880"," $531,628 ",,9,12,07-13,<20,0,263,340,,1,3-Nov,,,,,,
2310,2100662,6616-0047-00,PCBA GM T1 CHMSL Light              ,VALEO VLQ," 5,760 ", -   , -   ,"5,760"," $372,322 ",,9,15,07-13,<20,0,264,341,,1,3-Nov,,,,,,
2310,2100664,4490-0053-24,DAIMLER DBE VTA (V1)                ,VALEO VRS," 3,006 ", -   , -   ,"3,006"," $454,390 ",,7,9,07-13,<20,0,265,399,,1,3-Nov,,,,,,
2310,2100675,6609-0074-00,PCBA U611 RCL Stop Light LH         ,VALEO VLS," 1,920 ", -   , -   ,"1,920"," $179,015 ",,1,18,0-6,<20,0,266,570,,1,3-Nov,,,,,,
2310,2100676,6609-0075-00,PCBA U611 RCL Stop Light RH         ,VALEO VLS," 1,800 ", -   , -   ,"1,800"," $166,146 ",,1,18,0-6,<20,0,267,571,,1,3-Nov,,,,,,
2310,2100680,6609-0087-02,PCBA CX483 RCL TI & Reverse(V3) LH  ,VALEO VLS, 650 , -   , -   ,650," $150,687 ",,5,47,0-6,<20,0,268,463,,1,3-Nov,,,,,,
2310,2100681,6609-0088-02,PCBA CX483 RCL TI & Reverse(V3) RH  ,VALEO VLS, 840 , -   , -   ,840," $230,458 ",,5,47,0-6,<20,0,269,464,,1,3-Nov,,,,,,
2310,2100683,4490-0082-04,PCBA DBE BR167-S-SHD-S38B E354319D  ,VALEO VRS," 2,400 ", -   , -   ,"2,400"," $509,159 ",,4,14,0-6,<20,0,270,511,,1,3-Nov,,,,,,
2310,2100684,4490-0084-04,PCBA DBE BR167-S-SHD-S40B VTA E3543 ,VALEO VRS," 1,440 ", -   , -   ,"1,440"," $539,077 ",,1,17,0-6,<20,0,271,572,,1,3-Nov,,,,,,
2310,2100685,4490-0065-04,PCBA DBE BR167-WSHD- SOS-S38 E35424 ,VALEO VRS, 600 , -   , -   ,600," $125,325 ",,1,14,0-6,<20,0,272,573,,1,3-Nov,,,,,,
2310,2100691,6616-0057-00,PCBA DJ RAM TI Premium LH           ,VALEO VLQ, 940 , -   , 1 ,939," $79,247 ",,5,17,0-6,<20,0,273,465,,1,3-Nov,,,,,,
2310,2100692,6616-0058-00,PCBA DJ RAM TI Premium RH           ,VALEO VLQ, 940 , -   , -   ,940," $79,673 ",,5,17,0-6,<20,0,274,466,,1,3-Nov,,,,,,
2310,2100694,6616-0060-00,PCBA DJ RAM MID Signature PL RH     ,VALEO VLQ," 1,008 ", -   , -   ,"1,008"," $92,198 ",,5,16,0-6,<20,0,275,467,,1,3-Nov,,,,,,
2310,2100695,6616-0061-00,PCBA DJ RAM SM Light                ,VALEO VLQ," 8,750 ", -   , -   ,"8,750"," $169,162 ",,4,16,0-6,<20,0,276,512,,1,3-Nov,,,,,,
2310,2100696,6616-0062-00,PCBA DJ RAM Cubes Premium Light     ,VALEO VLQ," 1,320 ", -   , -   ,"1,320"," $129,524 ",,5,22,0-6,<20,0,277,468,,1,3-Nov,,,,,,
2310,2100698,6743-0023-00,PCBA Daimler Window Lifter E1168878 ,VALEO VRS," 10,008 ", -   , -   ,"10,008"," $159,018 ",,1,22,0-6,<20,0,278,574,,1,3-Nov,,,,,,
2310,2100699,6784-0012-00,PCBA Ford 1087 SD LH Light          ,ZKW, 582 , -   , -   ,582," $99,328 ",,3,26,0-6,<20,0,279,533,,1,3-Nov,,,,,,
2310,2100700,6784-0013-00,PCBA Ford 1087 SD RH Light          ,ZKW, 582 , -   , -   ,582," $94,349 ",,3,26,0-6,<20,0,280,534,,1,3-Nov,,,,,,
2310,2100701,6784-0021-00,PCBA Ford 1153 Fog Light            ,ZKW," 17,610 ", -   , -   ,"17,610"," $535,403 ",,1,23,0-6,<20,0,281,575,,1,3-Nov,,,,,,
2310,2100704,7013-0004-00,PCBA Jeep Compass T2 RH             ,AL," 2,480 ", 608 , -   ,"1,872"," $116,541 ",,4,12,0-6,<20,0,282,513,,1,3-Nov,,,,,,
2310,2100707,4490-0061-14,PCBA DBE MFA2-H-WSHD-SOS-S29 Main   ,VALEO VRS, 600 , -   , -   ,600," $103,887 ",,1,89,0-6,<20,0,283,576,,1,3-Nov,,,,,,
2310,2100708,4490-0067-14,DAIMLER DBE BR167-WSHD-IRS-S40 VTA  ,VALEO VRS," 1,440 ", -   , -   ,"1,440"," $257,091 ",,4,6,0-6,<20,0,284,514,,1,3-Nov,,,,,,
2310,2100709,4490-0082-14,PCBA DBE BR167-S-SHD-S38B Main      ,VALEO VRS," 2,400 ", -   , -   ,"2,400"," $416,712 ",,4,14,0-6,<20,0,285,515,,1,3-Nov,,,,,,
2310,2100710,4490-0084-14,DAIMLER DBE BR167-S-SHD-S40B VTA Ma ,VALEO VRS," 1,440 ", -   , -   ,"1,440"," $250,506 ",,1,92,0-6,<20,0,286,577,,1,3-Nov,,,,,,
2310,2100711,4490-0053-24,DAIMLER DBE VTA (V1)                ,VALEO VRS," 3,501 ", -   , -   ,"3,501"," $529,215 ",,2,71,0-6,<20,0,287,544,,1,3-Nov,,,,,,
2310,2100719,3511-0006-00,PCBA TJBA BUL LED Light RH          ,NAL," 3,990 ", 672 , -   ,"3,318"," $379,009 ",,4,19,0-6,<20,0,288,516,,1,3-Nov,,,,,,
2310,2100720,3511-0024-00,PCBA GC7 HL Assy B RH               ,ITO," 3,024 ", -   , -   ,"3,024"," $483,444 ",,4,70,0-6,<20,0,289,517,,1,3-Nov,,,,,,
2310,2100721,3511-0046-01,PCBA T1UG LDM Light Rev. E.         ,ITO," 2,500 ", -   , -   ,"2,500"," $914,650 ",,2,135,0-6,<20,0,290,545,,1,3-Nov,,,,,,
2310,2100735,6609-0082-01,PCBA Sierra TI HD Light LH V2       ,VALEO VLS," 1,040 ", 575 , -   ,465," $41,686 ",,5,14,0-6,<20,0,291,469,,1,3-Nov,,,,,,
2310,2100740,6784-0008-00,PCBA 1085 TI Controller Light       ,ZKW," 1,700 ", -   , -   ,"1,700"," $120,820 ",,5,21,0-6,<20,0,292,470,,1,3-Nov,,,,,,
2310,2100744,6971-0003-00,PCBA FIAT 2810 DRL/POS LITHT        ,AL," 2,886 ", -   , -   ,"2,886"," $210,775 ",,2,26,0-6,<20,0,293,546,,1,3-Nov,,,,,,
2310,2100745,4490-0061-04,PCBA DBE MFA2-H-WSHD-SOS-S29 E35422 ,VALEO VRS, 600 , -   , -   ,600," $118,459 ",,1,15,0-6,<20,0,294,578,,1,3-Nov,,,,,,
2310,2100746,4490-0067-04,PCBA DBE BR167-WSHD-IRS-S40 VTA E35 ,VALEO VRS," 1,440 ", -   , -   ,"1,440"," $538,746 ",,4,17,0-6,<20,0,295,518,,1,3-Nov,,,,,,
2310,8206430,6899-0004-00,PCBA EVAP Pressure Sensor           ,PIERBURG, 390 , -   , -   ,390," $20,202 ",,36,15,35-41,>20,0,296,11,1,,3-Nov,,,,,,
2310,2100750,4490-0113-00,PCBA Daimler Window Lifter E1171930 ,VALEO VRS," 1,125 ", -   , -   ,"1,125"," $78,718 ",,2,49,0-6,<20,0,297,547,,1,3-Nov,,,,,,
2310,2100751,5412-0016-00,PCBA Toyota 760A NA Motor Controlle ,VALEO VWS," 5,000 ", -   , -   ,"5,000"," $975,936 ",,2,59,0-6,<20,0,298,548,,1,3-Nov,,,,,,
2310,2100753,5412-0022-02,PCBA MFA2 BR167 LHD CW V3           ,VALEO VWS," 5,415 ", 595 , -   ,"4,820"," $668,697 ",,5,27,0-6,<20,0,299,471,,1,3-Nov,,,,,,
2310,2100758,4490-0089-00,PCBA MBH2 DPS Nissan                ,VALEO VRS," 3,354 ", -   , -   ,"3,354"," $1,119,143 ",,2,134,0-6,<20,0,300,549,,1,3-Nov,,,,,,
2310,2100760,6609-0059-00,PCBA Sierra HL Turn Indicator Light ,VALEO VLS," 4,600 "," 2,851 ", -   ,"1,749"," $120,013 ",,5,15,0-6,<20,0,301,472,,1,3-Nov,,,,,,
2310,2100762,6609-0095-01,PCBA CX483 RCL Stop Mono Driver(V2) ,VALEO VLS," 1,344 ", -   , -   ,"1,344"," $144,435 ",,5,17,0-6,<20,0,302,473,,1,3-Nov,,,,,,
2310,2100763,6609-0096-01,PCBA CX483 RCL TI Mono Driver(V2)LH ,VALEO VLS, 840 , -   , -   ,840," $71,879 ",,2,15,0-6,<20,0,303,550,,1,3-Nov,,,,,,
2310,2100794,6971-0001-00,PCBA VW270 POLO DRL/POS/TI LH       ,AL," 2,880 ", 27 , -   ,"2,853"," $387,562 ",,5,26,0-6,<20,0,304,474,,1,3-Nov,,,,,,
2310,2100795,6971-0002-00,PCBA VW270 POLO DRL/POS/TI RH       ,AL," 2,880 "," 1,143 ", -   ,"1,737"," $237,687 ",,5,26,0-6,<20,0,305,475,,1,3-Nov,,,,,,
2310,2100813,6609-0106-22,Escalade T1ULX RCL ST SAE LH V3 M2  ,VALEO VLS," 1,300 ", -   , -   ,"1,300"," $323,325 ",,7,3,07-13,<20,0,306,400,,1,3-Nov,,,,,,
2310,2100816,6609-0106-02,PCBA Escalade T1ULX RCL ST SAE LH V ,VALEO VLS," 1,300 ", -   , -   ,"1,300"," $755,992 ",,7,15,07-13,<20,0,307,401,,1,3-Nov,,,,,,
2310,2100817,4490-0040-00,PCBA DPS (675.426)                  ,VALEO VRS, 48 , -   , -   ,48," $19,796 ",,6,59,0-6,<20,0,308,418,,1,3-Nov,,,,,,
2310,2100818,4490-0039-00,PCBA DPS (675.422)                  ,VALEO VRS, 48 , -   , -   ,48," $25,038 ",,6,18,0-6,<20,0,309,419,,1,3-Nov,,,,,,
2310,2100819,6639-0011-00,PCBA X6S Headlamp LED Driver        ,VALEO VLS," 2,244 ", -   , -   ,"2,244"," $96,884 ",,1,46,0-6,<20,0,310,579,,1,3-Nov,,,,,,
2310,2100820,6639-0011-00,PCBA X6S Headlamp LED Driver        ,VALEO VLS," 2,244 ", -   , -   ,"2,244"," $96,884 ",,1,46,0-6,<20,0,311,580,,1,3-Nov,,,,,,
2310,2100821,6639-0010-00,PCBA X6S Headlamp RH                ,VALEO VLS," 2,244 ", -   , -   ,"2,244"," $97,670 ",,1,25,0-6,<20,0,312,581,,1,3-Nov,,,,,,
2310,2100822,4490-0108-00,PCBA Daimler Window Lifter E110369  ,VALEO VRS," 1,148 ", -   , -   ,"1,148"," $72,191 ",,1,50,0-6,<20,0,313,582,,1,3-Nov,,,,,,
2310,2100823,6639-0005-00,PCBA X6S Fender Stop Driver&Tail Li ,VALEO VLS," 3,201 ", -   , -   ,"3,201"," $300,856 ",,1,28,0-6,<20,0,314,583,,1,3-Nov,,,,,,
2310,2100824,6609-0026-03,PCBA WK16.5 Turn Indicator Light LH ,VALEO VLS," 2,680 ", -   , -   ,"2,680"," $160,882 ",,4,23,0-6,<20,0,315,519,,1,3-Nov,,,,,,
2310,2100825,6609-0027-03,PCBA WK16.5 Turn Indicator Light RH ,VALEO VLS," 3,856 "," 1,375 ", -   ,"2,481"," $147,341 ",,4,23,0-6,<20,0,316,520,,1,3-Nov,,,,,,
2310,2100826,6639-0009-00,PCBA X6S Headlamp LH                ,VALEO VLS," 2,244 ", -   , -   ,"2,244"," $97,325 ",,1,25,0-6,<20,0,317,584,,1,3-Nov,,,,,,
2310,2100827,6639-0006-00,PCBA X6S Fender Stop Driver&Tail Li ,VALEO VLS," 1,302 ", -   , -   ,"1,302"," $122,649 ",,1,28,0-6,<20,0,318,585,,1,3-Nov,,,,,,
2310,2100828,6639-0007-00,PCBA X6S Trunk Tail Driver&Tail Lig ,VALEO VLS," 2,020 ", -   , -   ,"2,020"," $61,617 ",,2,22,0-6,<20,0,319,551,,1,3-Nov,,,,,,
2310,2100829,6609-0065-00,PCBA Toyota Avalon Base Inferface   ,VALEO VLS, 660 , -   , -   ,660," $76,320 ",,2,66,0-6,<20,0,320,552,,1,3-Nov,,,,,,
2310,2100830,6609-0066-00,PCBA Toyota Avalon Up SM Light LH   ,VALEO VLS, 780 , -   , -   ,780," $36,899 ",,3,33,0-6,<20,0,321,535,,1,3-Nov,,,,,,
2310,2100831,6784-0011-02,PCBA Ford 1087 TI Light_PCA         ,ZKW," 6,050 ", -   , -   ,"6,050"," $498,705 ",,4,26,0-6,<20,0,322,521,,1,3-Nov,,,,,,
2310,2100833,6743-0008-00,PCBA Daimler Window Lifter E1168881 ,VALEO VRS," 7,056 "," 5,209 ", -   ,"1,847"," $31,769 ",,5,23,0-6,<20,0,323,476,,1,3-Nov,,,,,,
2310,2100834,3511-0049-00,PCBA U625 TMS 75N673-7011           ,ITO," 7,758 "," 1,460 ", -   ,"6,298"," $666,973 ",,5,55,0-6,<20,0,324,477,,1,3-Nov,,,,,,
2310,2100835,6609-0060-00,PCBA Sierra HL Turn Indicator Light ,VALEO VLS," 2,304 ", -   , -   ,"2,304"," $155,331 ",,5,14,0-6,<20,0,325,478,,1,3-Nov,,,,,,
2310,2100836,6609-0056-00,PCBA Silverado HL DRL Up Light RH   ,VALEO VLS," 1,216 ", -   , -   ,"1,216"," $223,050 ",,5,16,0-6,<20,0,326,479,,1,3-Nov,,,,,,
2310,2100837,6609-0080-01,PCBA U611 Applique Driver RevF      ,VALEO VLS," 1,372 ", -   , -   ,"1,372"," $267,857 ",,1,72,0-6,<20,0,327,586,,1,3-Nov,,,,,,
2310,2100838,3511-0015-00,PCBA TJBA RCL LDM+Sidemarker+Aux/Ta ,NAL," 1,440 ", -   , -   ,"1,440"," $432,425 ",,5,63,0-6,<20,0,328,480,,1,3-Nov,,,,,,
2310,2100839,3511-0016-00,PCBA TJBA RCL LDM+Sidemarker+Aux/Ta ,NAL," 1,440 ", -   , -   ,"1,440"," $397,920 ",,2,63,0-6,<20,0,329,553,,1,3-Nov,,,,,,
2310,2100840,3511-0029-01,PCBA 320B Off Road SW 75L836-7010E  ,ITO," 1,520 ", -   , -   ,"1,520"," $79,534 ",,5,26,0-6,<20,0,330,481,,1,3-Nov,,,,,,
2310,2100841,4490-0110-00,PCBA Daimler Window Lifter E1177241 ,VALEO VRS," 2,240 ", -   , -   ,"2,240"," $141,429 ",,5,50,0-6,<20,0,331,482,,1,3-Nov,,,,,,
2310,2100842,4490-0114-00,PCBA Daimler Window Lifter E119690  ,VALEO VRS," 1,140 ", 128 , -   ,"1,012"," $76,116 ",,5,50,0-6,<20,0,332,483,,1,3-Nov,,,,,,
2310,2100843,3334-0020-01,PCBA Chrysler LA RCL Appl Backup RH ,VARROC, 800 , -   , -   ,800," $78,828 ",,5,23,0-6,<20,0,333,484,,1,3-Nov,,,,,,
2310,2100844,3334-0019-01,PCBA Chrysler LA RCL Appl Backup LH ,VARROC, 800 , -   , -   ,800," $79,301 ",,5,23,0-6,<20,0,334,485,,1,3-Nov,,,,,,
2310,2100845,4490-0087-02,PCBA MQB ( HW PCB E405183 + SW-190) ,VALEO VRS," 1,504 ", -   , -   ,"1,504"," $109,422 ",,5,12,0-6,<20,0,335,486,,1,3-Nov,,,,,,
2310,2100846,6812-0002-00,PCBA Jeep Jumper Light HL SAE       ,AL," 17,720 ", -   , -   ,"17,720"," $128,110 ",,2,14,0-6,<20,0,336,554,,1,3-Nov,,,,,,
2310,2100847,6863-0005-00,PCBA VW371 Tail Reverse Light LH    ,AL," 2,184 ", -   , -   ,"2,184"," $146,043 ",,2,40,0-6,<20,0,337,555,,1,3-Nov,,,,,,
2310,2100848,6863-0006-00,PCBA VW371 Tail Reverse Light RH    ,AL," 2,184 ", -   , -   ,"2,184"," $148,420 ",,2,40,0-6,<20,0,338,556,,1,3-Nov,,,,,,
2310,2100849,3511-0023-00,PCBA GC7 HL Assy B LH               ,ITO," 3,024 ", -   , -   ,"3,024"," $490,401 ",,3,70,0-6,<20,0,339,536,,1,3-Nov,,,,,,
2310,2100850,6812-0001-00,PCBA Jeep Signature Light HL SAE    ,AL," 17,008 ", -   , -   ,"17,008"," $316,820 ",,1,21,0-6,<20,0,340,587,,1,3-Nov,,,,,,
2310,2100851,4490-0075-14,PCBA DBE MFA2-H-SSOS-S21B Main      ,VALEO VRS, 600 , -   , 1 ,599," $96,653 ",,5,14,0-6,<20,0,341,487,,1,3-Nov,,,,,,
2310,2100859,6616-0047-00,PCBA GM T1 CHMSL Light              ,VALEO VLQ," 8,025 ", -   , -   ,"8,025"," $518,730 ",,4,28,0-6,<20,0,342,522,,1,3-Nov,,,,,,
2350,5001985,6914-240003-01,Honeywell F1 Controller VIP-363-HOA ,HONEYWELL, 500 , 500 , -   ,0, $-   ,,20,0,,,0,0,95,1,,3-Nov,,,,,,
2350,5002042,6914-150002-02,PCB ENC,HONEYWELL, 900 , 880 , -   ,20," $12,292 ",,19,0,14-20,<20,0,0,121,,1,3-Nov,,,,,,
2350,5002043,6914-150002-02,PCB ENC,HONEYWELL, 400 , -   , -   ,400," $245,833 ",,12,1,07-13,<20,0,343,257,,1,3-Nov,,,,,,
2350,5002045,6914-150004-02,PCB ASM,HONEYWELL, 900 , 880 , -   ,20," $8,900 ",,16,0,14-20,<20,0,0,179,,1,3-Nov,,,,,,
2350,5002095,6914-270003-10,2MP WDR IR-Bullet Box Camera 5-60mm ,HONEYWELL, 25 , -   , -   ,25," $85,320 ",,7,70,07-13,<20,0,344,402,,1,3-Nov,,,,,,
2350,5002121,6914-150004-02,PCB ASM,HONEYWELL, 400 , -   , -   ,400," $177,991 ",,9,3,07-13,<20,0,345,342,,1,3-Nov,,,,,,
2350,5002122,6914-150005-02,PCB ASM,HONEYWELL, 900 , 880 , -   ,20," $8,282 ",,14,0,14-20,<20,0,0,219,,1,3-Nov,,,,,,
2350,5002123,6914-150005-02,PCB ASM,HONEYWELL, 400 , -   , -   ,400," $165,646 ",,9,3,07-13,<20,0,346,343,,1,3-Nov,,,,,,
2350,5002205,6914-200010-01,4-pos BatteryChgr,HONEYWELL, 160 , 160 , -   ,0, $-   ,,7,39,,,58,0,403,,1,3-Nov,,,,,,
2350,5002255,6914-250007-01,LPKIT (FURNACE + AC),HONEYWELL, 300 , 300 , -   ,0, $-   ,,6,4,,,59,0,420,,1,3-Nov,,,,,,
2350,5002256,6914-250007-01,LPKIT (FURNACE + AC),HONEYWELL, 396 , -   , -   ,396," $1,050,333 ",,4,44,0-6,<20,0,347,523,,1,3-Nov,,,,,,
2350,5002299,6914-200009-01,4-pos Battery Chgr CK3/CK7x NA Pwr  ,HONEYWELL, 300 , 157 , -   ,143," $305,381 ",,5,41,0-6,<20,0,348,488,,1,3-Nov,,,,,,
2350,5002326,6914-200057-01,Dual Dock Chg Only,HONEYWELL, 47 , 47 , -   ,0, $-   ,,9,3,,,60,0,344,,1,3-Nov,,,,,,
2350,5002329,6914-260001-01,HON MERCURY PW7000 INTELLIGENT CONT ,HONEYWELL, 3 , 3 , -   ,0, $-   ,,5,30,,,61,0,489,,1,3-Nov,,,,,,
2350,5002349,6914-260028-01,HON MERCURY POWER KIT PROEPSCBL     ,HONEYWELL, 150 , 150 , -   ,0, $-   ,,9,7,,,62,0,345,,1,3-Nov,,,,,,
2350,5002378,6914-260026-01,HON MERCURY ENCLOSURE PW5K2ENC1E    ,HONEYWELL, 150 , -   , -   ,150," $223,811 ",,1,26,0-6,<20,0,349,588,,1,3-Nov,,,,,,
2350,5002380,6914-150006-02,HARNESS ASSEMBLY R&C,HONEYWELL, 900 , 880 , -   ,20," $2,133 ",,19,0,14-20,<20,0,0,122,,1,3-Nov,,,,,,
2350,5002382,6914-150006-02,HARNESS ASSEMBLY R&C,HONEYWELL, 400 , -   , -   ,400," $42,667 ",,12,0,07-13,<20,0,0,258,,1,3-Nov,,,,,,
2350,5002385,6914-230013-01,HON BACTALK CONTROLLER VAV-DD-E     ,HONEYWELL, 100 , -   , -   ,100," $53,733 ",,1,14,0-6,<20,0,350,589,,1,3-Nov,,,,,,
2350,5002392,6914-260019-01,HON MERCURY ENCLOSURE PRO22ENC1     ,HONEYWELL, 50 , 50 , -   ,0, $-   ,,6,25,,,63,0,421,,1,3-Nov,,,,,,
2350,5002408,6914-200015-01,4-pos Battery Chgr CN70/70e NA Pwr  ,HONEYWELL, 7 , -   , -   ,7," $15,915 ",,5,42,0-6,<20,0,351,490,,1,3-Nov,,,,,,
2350,5002415,6914-260023-01,HON MERCURY ENCLOSURE PW5K2ENC1     ,HONEYWELL, 250 , -   , -   ,250," $354,357 ",,1,27,0-6,<20,0,352,590,,1,3-Nov,,,,,,
2350,5500060,6914-180001-01,RLD-Remote Low Cost Display PCBA    ,HONEYWELL, 100 , -   , -   ,100," $208,920 ",,4,102,0-6,<20,0,353,524,,1,3-Nov,,,,,,
2350,6000120,6935-257547-01,MPA2 Access Control Panel_SYSTEM    ,HONEYWELL, 28 , 28 , -   ,0, $-   ,,13,8,,,64,0,236,,1,3-Nov,,,,,,
2350,6000122,6935-007547-66,PCA,HONEYWELL, 120 , -   , -   ,120," $409,199 ",,1,1,0-6,<20,0,354,591,,1,3-Nov,,,,,,
2350,6000123,6935-257547-01,MPA2 Access Control Panel_SYSTEM    ,HONEYWELL, 120 , -   , -   ,120," $454,150 ",,1,19,0-6,<20,0,355,592,,1,3-Nov,,,,,,
2370,7100044,4551-005510-00,1U PCIe Riser                       ,LENOVO," 1,968 ", -   , -   ,"1,968"," $638,473 ",,5,11,0-6,<20,0,356,491,,1,3-Nov,,,,,,
2370,7100102,4551-005520-00,2U Thermal Sensor board             ,LENOVO, 720 , -   , -   ,720," $213,644 ",,7,27,07-13,<20,0,357,404,,1,3-Nov,,,,,,
2370,7100104,4551-005500-00,C2030 MB                            ,LENOVO, 929 , -   , -   ,929," $8,525,409 ",,5,360,0-6,<20,0,358,492,,1,3-Nov,,,,,,
2370,7100106,4551-005501-00,C2030 MB Wiwynn Bypass              ,LENOVO, 750 , 707 , 2 ,41," $459,073 ",,36,4,35-41,>20,0,359,12,1,,3-Nov,,,,,,
2370,7100109,4551-005501-00,C2030 MB Wiwynn Bypass              ,LENOVO, 571 , -   , -   ,571," $6,393,428 ",,5,212,0-6,<20,0,360,493,,1,3-Nov,,,,,,
2380,8000315,6966-0002-04,PCBA 4040 BACK C057 - ICM201012     ,HARMAN," 1,278 ", 582 , 8 ,688," $1,019,371 ",,19,0,14-20,<20,0,0,123,,1,3-Nov,,,,,,
2380,8000323,6966-0031-01,PCBA 4010 MAIN MY22 C057 ICM210416  ,HARMAN," 1,040 "," 1,040 ", -   ,0, $-   ,,19,1,,,65,0,124,,1,3-Nov,,,,,,
2380,8000344,6966-0049-01,PCBA4040 BACK MY22 NO ANC C157 ICM2 ,HARMAN," 2,400 "," 2,400 ", -   ,0, $-   ,,24,1,,,66,0,56,1,,3-Nov,,,,,,
2380,8000350,6966-0002-04,PCBA 4040 BACK C057 - ICM201012     ,HARMAN, 900 , 888 , 12 ,0, $-   ,,22,2,,,67,0,73,1,,3-Nov,,,,,,
2380,8000351,6966-0049-01,PCBA4040 BACK MY22 NO ANC C157 ICM2 ,HARMAN," 2,451 "," 2,372 ", 79 ,0, $-   ,,22,3,,,68,0,74,1,,3-Nov,,,,,,
2380,8000353,6966-0015-00,ICM200716 PCBA 4040 BACK C074 TDN20 ,HARMAN, 330 , 319 , 5 ,6," $4,518 ",,21,1,21-27,>20,0,361,82,1,,3-Nov,,,,,,
2380,8000360,6966-0049-01,PCBA4040 BACK MY22 NO ANC C157 ICM2 ,HARMAN," 1,302 "," 1,302 ", -   ,0, $-   ,,17,2,,,69,0,168,,1,3-Nov,,,,,,
2380,8000361,6966-0031-01,PCBA 4010 MAIN MY22 C057 ICM210416  ,HARMAN," 1,296 "," 1,296 ", -   ,0, $-   ,,15,0,,,0,0,199,,1,3-Nov,,,,,,
2380,8000372,6966-0049-01,PCBA4040 BACK MY22 NO ANC C157 ICM2 ,HARMAN," 1,302 "," 1,302 ", -   ,0, $-   ,,16,1,,,70,0,180,,1,3-Nov,,,,,,
2380,8000373,6966-0050-01,PCBA4040 BACK MY22 NO ANC C168 ICM2 ,HARMAN, 240 , 216 , -   ,24," $20,209 ",,15,0,14-20,<20,0,0,200,,1,3-Nov,,,,,,
2380,8000374,6966-0049-01,PCBA4040 BACK MY22 NO ANC C157 ICM2 ,HARMAN," 2,685 "," 2,685 ", -   ,0, $-   ,,15,1,,,71,0,201,,1,3-Nov,,,,,,
2380,8000375,6966-0033-00,PCBA 9090 FRONT MY22 03JM C057 ICM2 ,HARMAN," 2,400 "," 2,400 ", -   ,0, $-   ,,15,1,,,72,0,202,,1,3-Nov,,,,,,
2380,8000376,6966-0049-01,PCBA4040 BACK MY22 NO ANC C157 ICM2 ,HARMAN," 2,469 "," 2,469 ", -   ,0, $-   ,,14,3,,,73,0,220,,1,3-Nov,,,,,,
2380,8000378,6966-0003-01,3874052 PCBA 9090 FRONT EMS C057    ,HARMAN," 2,000 "," 2,000 ", -   ,0, $-   ,,14,2,,,74,0,221,,1,3-Nov,,,,,,
2380,8000379,6966-0049-01,PCBA4040 BACK MY22 NO ANC C157 ICM2 ,HARMAN," 2,688 "," 2,688 ", -   ,0, $-   ,,13,2,,,75,0,237,,1,3-Nov,,,,,,
2380,8000381,6966-0049-01,PCBA4040 BACK MY22 NO ANC C157 ICM2 ,HARMAN, 720 , -   , 3 ,717," $996,281 ",,8,6,07-13,<20,0,362,370,,1,3-Nov,,,,,,
2380,8000382,6966-0031-01,PCBA 4010 MAIN MY22 C057 ICM210416  ,HARMAN," 1,300 "," 1,300 ", -   ,0, $-   ,,11,2,,,76,0,303,,1,3-Nov,,,,,,
2380,8000383,6966-0033-00,PCBA 9090 FRONT MY22 03JM C057 ICM2 ,HARMAN," 3,360 ", -   , -   ,"3,360"," $1,399,435 ",,5,2,0-6,<20,0,363,494,,1,3-Nov,,,,,,
2380,8000384,6966-0003-01,3874052 PCBA 9090 FRONT EMS C057    ,HARMAN," 2,880 "," 2,880 ", -   ,0, $-   ,,9,2,,,77,0,346,,1,3-Nov,,,,,,
2380,8000386,6966-0003-01,3874052 PCBA 9090 FRONT EMS C057    ,HARMAN," 1,835 "," 1,830 ", 5 ,0, $-   ,,12,2,,,78,0,259,,1,3-Nov,,,,,,
2380,8000387,6966-0031-01,PCBA 4010 MAIN MY22 C057 ICM210416  ,HARMAN," 1,298 "," 1,278 ", 20 ,0, $-   ,,12,1,,,79,0,260,,1,3-Nov,,,,,,
2380,8000388,6966-0049-01,PCBA4040 BACK MY22 NO ANC C157 ICM2 ,HARMAN," 2,682 "," 2,561 ", 121 ,0, $-   ,,11,2,,,80,0,304,,1,3-Nov,,,,,,
2380,8000390,6966-0033-00,PCBA 9090 FRONT MY22 03JM C057 ICM2 ,HARMAN," 2,880 "," 2,828 ", 52 ,0, $-   ,,10,3,,,81,0,319,,1,3-Nov,,,,,,
2380,8000391,6966-0031-01,PCBA 4010 MAIN MY22 C057 ICM210416  ,HARMAN," 1,300 "," 1,256 ", 44 ,0, $-   ,,9,2,,,82,0,347,,1,3-Nov,,,,,,
2380,8000392,6966-0033-00,PCBA 9090 FRONT MY22 03JM C057 ICM2 ,HARMAN," 3,360 "," 3,360 ", -   ,0, $-   ,,8,4,,,83,0,371,,1,3-Nov,,,,,,
2380,8000393,6966-0031-01,PCBA 4010 MAIN MY22 C057 ICM210416  ,HARMAN," 1,950 "," 1,945 ", 5 ,0, $-   ,,8,2,,,84,0,372,,1,3-Nov,,,,,,
2380,8000394,6966-0031-01,PCBA 4010 MAIN MY22 C057 ICM210416  ,HARMAN," 1,950 "," 1,950 ", -   ,0, $-   ,,7,3,,,85,0,405,,1,3-Nov,,,,,,
2380,8000398,6966-0003-01,3874052 PCBA 9090 FRONT EMS C057    ,HARMAN," 3,360 ", -   , -   ,"3,360"," $1,428,452 ",,2,8,0-6,<20,0,364,557,,1,3-Nov,,,,,,
2380,8000399,6966-0003-01,3874052 PCBA 9090 FRONT EMS C057    ,HARMAN," 3,360 "," 3,300 ", 10 ,50," $21,257 ",,7,2,07-13,<20,0,365,406,,1,3-Nov,,,,,,
2380,8000400,6966-0033-00,PCBA 9090 FRONT MY22 03JM C057 ICM2 ,HARMAN," 3,360 "," 2,495 ", 8 ,857," $356,939 ",,6,2,0-6,<20,0,366,422,,1,3-Nov,,,,,,
2310,2099738,5412-0023-02,PCBA MFA2 BR167 RHD ACW V3          ,VALEO VWS," 1,395 ", -   , -   ,"1,395"," $210,728 ",,5,1,0-6,<20,0,367,495,,1,3-Nov,,,,,,
2380,8000402,6966-0031-01,PCBA 4010 MAIN MY22 C057 ICM210416  ,HARMAN," 2,600 "," 2,582 ", 18 ,0, $-   ,,5,14,,,86,0,496,,1,3-Nov,,,,,,
2380,8000403,6966-0049-01,PCBA4040 BACK MY22 NO ANC C157 ICM2 ,HARMAN," 1,344 ", -   , -   ,"1,344"," $1,867,505 ",,1,28,0-6,<20,0,368,593,,1,3-Nov,,,,,,
2380,8000404,6966-0002-08,PCBA 4040 BACK C057 ICM210516       ,HARMAN, 999 , 999 , -   ,0, $-   ,,6,14,,,87,0,423,,1,3-Nov,,,,,,
2380,8000406,6966-0031-01,PCBA 4010 MAIN MY22 C057 ICM210416  ,HARMAN," 1,300 ", 315 , -   ,985," $2,865,411 ",,4,34,0-6,<20,0,369,525,,1,3-Nov,,,,,,
2310,2100603,6609-0096-01,PCBA CX483 RCL TI Mono Driver(V2)LH ,VALEO VLS," 1,344 ", 340 , -   ,"1,004"," $85,913 ",,12,28,07-13,<20,0,370,261,,1,3-Nov,,,,,,
2380,8000408,6966-0049-01,PCBA4040 BACK MY22 NO ANC C157 ICM2 ,HARMAN," 1,344 ", 630 , -   ,714," $992,112 ",,3,22,0-6,<20,0,371,537,,1,3-Nov,,,,,,
2380,8000409,6966-0031-01,PCBA 4010 MAIN MY22 C057 ICM210416  ,HARMAN," 1,300 ", -   , -   ,"1,300"," $3,781,760 ",,3,12,0-6,<20,0,372,538,,1,3-Nov,,,,,,
2380,8000410,6966-0002-08,PCBA 4040 BACK C057 ICM210516       ,HARMAN," 1,710 "," 1,418 ", -   ,292," $412,617 ",,3,30,0-6,<20,0,373,539,,1,3-Nov,,,,,,
2380,8000411,6966-0031-01,PCBA 4010 MAIN MY22 C057 ICM210416  ,HARMAN," 1,300 ", -   , -   ,"1,300"," $3,781,760 ",,2,20,0-6,<20,0,374,558,,1,3-Nov,,,,,,
2380,8000412,6966-0033-00,PCBA 9090 FRONT MY22 03JM C057 ICM2 ,HARMAN," 3,360 ", -   , -   ,"3,360"," $1,399,435 ",,1,14,0-6,<20,0,375,594,,1,3-Nov,,,,,,
2380,8000413,6966-0031-01,PCBA 4010 MAIN MY22 C057 ICM210416  ,HARMAN," 1,300 ", -   , -   ,"1,300"," $3,781,760 ",,0,0,0-6,<20,0,0,615,,1,3-Nov,,,,,,
2310,8206360,6899-0005-00,PCBA EVAP Circuit Board             ,PIERBURG, 180 , -   , -   ,180," $22,151 ",,29,8,28-34,>20,0,376,28,1,,3-Nov,,,,,,
2310,2100589,6639-0008-00,PCBA X6S Trunk Tail Driver&Tail Lig ,VALEO VLS," 2,140 ", -   , -   ,"2,140"," $65,387 ",,9,2,07-13,<20,0,377,348,,1,3-Nov,,,,,,
2310,8206447,3511-0065-00,PCBA BT1FG CHL C                    ,ITO, 700 , 468 , -   ,232," $42,735 ",,24,7,21-27,>20,0,378,57,1,,3-Nov,,,,,,
2310,8206449,6616-0069-00,PCBA Nissan P33A Fog Light RH       ,VALEO VLQ, 450 , 450 , -   ,0, $-   ,,24,0,,,0,0,58,1,,3-Nov,,,,,,
2310,8206450,6971-0004-00,PCBA Jeep Renegade 5211 DRL_TI      ,AL," 1,224 "," 1,224 ", -   ,0, $-   ,,24,1,,,88,0,59,1,,3-Nov,,,,,,
2310,8206455,6609-0097-02,PCBA CX483 RCL TI Mono Driver(V3)RH ,VALEO VLS, 48 , 44 , -   ,4, $437 ,,18,1,14-20,<20,0,379,153,,1,3-Nov,,,,,,
2310,8206456,6609-0096-02,PCBA CX483 RCL TI Mono Driver(V3)LH ,VALEO VLS, 48 , 46 , -   ,2, $527 ,,18,3,14-20,<20,0,380,154,,1,3-Nov,,,,,,
2310,8206457,6609-0094-02,PCBA CX483 RCL Stop Mono Driver(V3) ,VALEO VLS, 48 , 31 , 2 ,15," $2,139 ",,17,4,14-20,<20,0,381,169,,1,3-Nov,,,,,,
2310,8206458,6609-0095-02,PCBA CX483 RCL Stop Mono Driver(V3) ,VALEO VLS, 48 , 43 , -   ,5, $595 ,,15,6,14-20,<20,0,382,203,,1,3-Nov,,,,,,
2310,8206459,3511-0066-00,PCBA 102D 75R355-701#               ,NAL, 30 , 30 , -   ,0, $-   ,,15,0,,,0,0,204,,1,3-Nov,,,,,,
2310,8206460,3511-0067-00,PCBA 102D 75R356-701#               ,NAL, 30 , 30 , -   ,0, $-   ,,15,3,,,89,0,205,,1,3-Nov,,,,,,
2310,8206461,8870-040005-00,PCBA T1 Turn Pos 630 LH             ,TESLA, 504 , -   , -   ,504," $158,651 ",,15,10,14-20,<20,0,383,206,,1,3-Nov,,,,,,
2310,8206462,8870-040006-00,PCBA T1 Turn Pos 630 RH             ,TESLA, 504 , -   , -   ,504," $151,288 ",,15,9,14-20,<20,0,384,207,,1,3-Nov,,,,,,
2310,8206465,6996-0003-00,PCBA T1 Stop Pos 640 LH             ,TESLA, 504 , -   , -   ,504," $50,844 ",,14,3,14-20,<20,0,385,222,,1,3-Nov,,,,,,
2310,8206466,6996-0004-00,PCBA T1 Stop Pos 640 RH             ,TESLA, 504 , -   , -   ,504," $51,232 ",,14,6,14-20,<20,0,386,223,,1,3-Nov,,,,,,
2310,8206467,6996-0007-00,PCBA T1 Stop Tail Driver Pos. 650 L ,TESLA, 500 , -   , -   ,500," $124,463 ",,1,60,0-6,<20,0,387,595,,1,3-Nov,,,,,,
2310,8206468,3511-0066-00,PCBA 102D 75R355-701#               ,NAL, 399 , 150 , -   ,249," $24,288 ",,9,13,07-13,<20,0,388,349,,1,3-Nov,,,,,,
2310,8206469,3511-0067-00,PCBA 102D 75R356-701#               ,NAL, 399 , 150 , -   ,249," $16,958 ",,9,14,07-13,<20,0,389,350,,1,3-Nov,,,,,,
2310,8206470,6996-0001-00,PCBA T1 Stop Tail LED Pos 620 LH    ,TESLA, 504 , -   , -   ,504," $55,743 ",,1,18,0-6,<20,0,390,596,,1,3-Nov,,,,,,
2310,8206471,6996-0002-00,PCBA T1 Stop Tail LED Pos 620 RH    ,TESLA, 504 , -   , -   ,504," $55,744 ",,1,18,0-6,<20,0,391,597,,1,3-Nov,,,,,,
2310,8206472,6616-0068-00,PCBA Nissan P33A Fog Light LH       ,VALEO VLQ, 900 , -   , -   ,900," $55,418 ",,8,14,07-13,<20,0,392,373,,1,3-Nov,,,,,,
2310,8206473,6616-0069-00,PCBA Nissan P33A Fog Light RH       ,VALEO VLQ, 900 , -   , -   ,900," $55,761 ",,8,19,07-13,<20,0,393,374,,1,3-Nov,,,,,,
2310,8206474,3511-0063-01,PCBA BT1FG CHL A LH REV4            ,ITO, 190 , -   , -   ,190," $162,873 ",,2,42,0-6,<20,0,394,559,,1,3-Nov,,,,,,
2310,8206475,3511-0064-01,PCBA BT1FG CHL A RH REV4            ,ITO, 190 , -   , -   ,190," $164,577 ",,2,43,0-6,<20,0,395,560,,1,3-Nov,,,,,,
2310,8206476,6609-0099-00,PCBA Escalade T1ULX RCL Backup RH   ,VALEO VLS, 8 , -   , -   ,8, $605 ,,2,42,0-6,<20,0,396,561,,1,3-Nov,,,,,,
2310,8206477,6609-0100-00,PCBA Escalade T1ULX RCL Backup LH   ,VALEO VLS, 8 , -   , -   ,8, $599 ,,2,42,0-6,<20,0,397,562,,1,3-Nov,,,,,,
2310,8206478,6996-0008-00,PCBA T1 Stop Tail Driver Pos. 650 R ,TESLA, 500 , -   , -   ,500," $124,462 ",,1,60,0-6,<20,0,398,598,,1,3-Nov,,,,,,
2350,8500243,6914-270003-10,2MP WDR IR-Bullet Box Camera 5-60mm ,HONEYWELL, 20 , 12 , -   ,8," $27,302 ",,10,4,07-13,<20,0,399,320,,1,3-Nov,,,,,,
2380,8800023,7017-0004-12,CGM Main Board Rev.H (ECR-005)      ,RIVIAN, 406 , -   , -   ,406," $1,556,529 ",,16,12,14-20,<20,0,400,181,,1,3-Nov,,,,,,
2380,8800060,7016-0009-00,DCM - SIDE DOOR RR,RIVIAN, 426 , 369 , -   ,57," $40,419 ",,29,6,28-34,>20,0,401,29,1,,3-Nov,,,,,,
2380,8800080,7017-0004-12,CGM Main Board Rev.H (ECR-005)      ,RIVIAN, 369 , 369 , -   ,0, $-   ,,68,0,,,0,0,2,1,,3-Nov,,,,,,
2380,8800112,7016-0013-00,DUAL CONTROLLER BOARD ASSY - RPV    ,RIVIAN, 731 , 635 , -   ,96," $288,556 ",,72,0,70-76,>20,0,0,1,1,,3-Nov,,,,,,
2380,8800163,7017-0001-03,ASM rev K_PT00000036K               ,RIVIAN, 400 , 332 , -   ,68," $551,183 ",,33,10,28-34,>20,0,402,17,1,,3-Nov,,,,,,
2380,8800165,7016-0001-02,DUAL CONTROLLER BOARD ASSY - FRONT  ,RIVIAN, 373 , 342 , -   ,31," $94,563 ",,27,5,21-27,>20,0,403,33,1,,3-Nov,,,,,,
2380,8800166,7017-0003-01,BVT Rev D_PT00013655D               ,RIVIAN," 3,376 ", 216 , -   ,"3,160"," $1,907,327 ",,26,3,21-27,>20,0,404,42,1,,3-Nov,,,,,,
2380,8800167,7016-0010-00,DCM - SIDE DOOR RR,RIVIAN, 435 , 393 , -   ,42," $30,288 ",,26,10,21-27,>20,0,405,43,1,,3-Nov,,,,,,
2380,8800168,7016-0008-00,DCM - SIDE DOOR FRT,RIVIAN, 433 , 355 , -   ,78," $55,070 ",,26,11,21-27,>20,0,406,44,1,,3-Nov,,,,,,
2380,8800170,7017-0005-02,TMM-REV.G (ECR-007)                 ,RIVIAN, 146 , -   , -   ,146," $303,887 ",,26,5,21-27,>20,0,407,45,1,,3-Nov,,,,,,
2380,8800172,6966-0031-01,PCBA 4010 MAIN MY22 C057 ICM210416  ,HARMAN, 46 , 46 , -   ,0, $-   ,,20,1,,,90,0,96,1,,3-Nov,,,,,,
2380,8800173,6966-0032-01,PCBA 4040 BACK MY22 ANC C057 ICM210 ,HARMAN, 51 , 48 , 3 ,0, $-   ,,15,1,,,91,0,208,,1,3-Nov,,,,,,
2380,8800174,7021-0003-00,SCM-SEAT;ROW1;PASS                  ,RIVIAN, 550 , 273 , -   ,277," $252,358 ",,21,14,21-27,>20,0,408,83,1,,3-Nov,,,,,,
2380,8800175,7021-0001-01,SCM-SEAT;ROW1;DRV                   ,RIVIAN, 324 , -   , -   ,324," $295,794 ",,21,9,21-27,>20,0,409,84,1,,3-Nov,,,,,,
2380,8800176,7016-0007-01,GATE DRIVE BOARD ASSY - SiC         ,RIVIAN, 965 , 601 , -   ,364," $556,827 ",,21,16,21-27,>20,0,410,85,1,,3-Nov,,,,,,
2380,8800177,7016-0003-01,DCM - SIDE DOOR FRT,RIVIAN, 252 , 192 , -   ,60," $44,361 ",,21,4,21-27,>20,0,411,86,1,,3-Nov,,,,,,
2380,8800178,7017-0001-03,ASM rev K_PT00000036K               ,RIVIAN, 120 , -   , -   ,120," $972,676 ",,20,13,14-20,<20,0,412,97,1,,3-Nov,,,,,,
2380,8800179,7016-0002-01,GATE DRIVE BOARD ASSY- Si (IGBT)    ,RIVIAN, 976 , 365 , -   ,611," $857,547 ",,20,16,14-20,<20,0,413,98,1,,3-Nov,,,,,,
2380,8800180,7017-0007-00,NDI                                 ,RIVIAN, 600 , 309 , -   ,291," $253,876 ",,14,4,14-20,<20,0,414,224,,1,3-Nov,,,,,,
2380,8800181,7017-0008-00,NDH                                 ,RIVIAN, 600 , -   , -   ,600," $462,435 ",,14,0,14-20,<20,0,0,225,,1,3-Nov,,,,,,
2380,8800182,7017-0004-22,CGM Daughter Rev.D (ECR-005)        ,RIVIAN, 406 , -   , -   ,406," $410,610 ",,16,2,14-20,<20,0,415,182,,1,3-Nov,,,,,,
2380,8800184,7017-0002-02,BCM-Rev.H change (ECR-006)          ,RIVIAN, 400 , -   , -   ,400," $1,521,171 ",,12,19,07-13,<20,0,416,262,,1,3-Nov,,,,,,
2380,8800185,6966-0033-00,PCBA 9090 FRONT MY22 03JM C057 ICM2 ,HARMAN, 50 , -   , -   ,50," $20,825 ",,14,1,14-20,<20,0,417,226,,1,3-Nov,,,,,,
2380,8800187,7016-0012-00,DUAL CONTROLLER BOARD ASSY - REAR   ,RIVIAN, 400 , -   , -   ,400," $1,184,596 ",,9,13,07-13,<20,0,418,351,,1,3-Nov,,,,,,
2380,8800188,7016-0001-02,DUAL CONTROLLER BOARD ASSY - FRONT  ,RIVIAN, 383 , -   , -   ,383," $1,168,311 ",,9,15,07-13,<20,0,419,352,,1,3-Nov,,,,,,
2380,8800189,6966-0049-01,PCBA4040 BACK MY22 NO ANC C157 ICM2 ,HARMAN, 6 , -   , -   ,6," $8,337 ",,6,2,0-6,<20,0,420,424,,1,3-Nov,,,,,,
2380,8800190,6966-0050-01,PCBA4040 BACK MY22 NO ANC C168 ICM2 ,HARMAN, 6 , -   , -   ,6," $5,052 ",,6,2,0-6,<20,0,421,425,,1,3-Nov,,,,,,
2380,8800191,6966-0051-01,PCBA4040 BACK MY22 NO ANC C169 ICM2 ,HARMAN, 6 , -   , -   ,6," $11,627 ",,6,3,0-6,<20,0,422,426,,1,3-Nov,,,,,,
2380,8800192,7021-0001-01,SCM-SEAT;ROW1;DRV                   ,RIVIAN, 492 , -   , -   ,492," $449,169 ",,8,17,07-13,<20,0,423,375,,1,3-Nov,,,,,,
2380,8800193,7021-0003-00,SCM-SEAT;ROW1;PASS                  ,RIVIAN, 490 , -   , -   ,490," $446,409 ",,8,12,07-13,<20,0,424,376,,1,3-Nov,,,,,,
2380,8800194,6966-0049-01,PCBA4040 BACK MY22 NO ANC C157 ICM2 ,HARMAN, 6 , -   , -   ,6," $8,337 ",,8,3,07-13,<20,0,425,377,,1,3-Nov,,,,,,
2380,8800195,7016-0003-01,DCM - SIDE DOOR FRT,RIVIAN, 500 , -   , -   ,500," $369,675 ",,7,82,07-13,<20,0,426,407,,1,3-Nov,,,,,,
2380,8800196,7016-0008-00,DCM - SIDE DOOR FRT,RIVIAN, 500 , -   , -   ,500," $353,011 ",,7,82,07-13,<20,0,427,408,,1,3-Nov,,,,,,
2380,8800197,7016-0009-00,DCM - SIDE DOOR RR,RIVIAN, 500 , -   , -   ,500," $354,556 ",,7,82,07-13,<20,0,428,409,,1,3-Nov,,,,,,
2380,8800198,7016-0010-00,DCM - SIDE DOOR RR,RIVIAN, 480 , -   , -   ,480," $346,154 ",,7,82,07-13,<20,0,429,410,,1,3-Nov,,,,,,
2380,8800199,7017-0003-01,BVT Rev D_PT00013655D               ,RIVIAN, 56 , -   , -   ,56," $33,801 ",,7,44,07-13,<20,0,430,411,,1,3-Nov,,,,,,
2380,8800200,7017-0004-02,CGM-Rev.H change (ECR-005)          ,RIVIAN, 400 , 12 , -   ,388," $2,169,102 ",,7,12,07-13,<20,0,431,412,,1,3-Nov,,,,,,
2380,8800201,7017-0004-22,CGM Daughter Rev.D (ECR-005)        ,RIVIAN, 400 , -   , -   ,400," $404,542 ",,6,97,0-6,<20,0,432,427,,1,3-Nov,,,,,,
2380,8800202,7016-0007-01,GATE DRIVE BOARD ASSY - SiC         ,RIVIAN, 375 , -   , -   ,375," $573,654 ",,6,86,0-6,<20,0,433,428,,1,3-Nov,,,,,,
2380,8800203,7016-0002-01,GATE DRIVE BOARD ASSY- Si (IGBT)    ,RIVIAN, 375 , -   , -   ,375," $526,318 ",,6,16,0-6,<20,0,434,429,,1,3-Nov,,,,,,
2380,8800204,6966-0031-01,PCBA 4010 MAIN MY22 C057 ICM210416  ,HARMAN, 50 , -   , -   ,50," $145,452 ",,6,13,0-6,<20,0,435,430,,1,3-Nov,,,,,,
2380,8800205,7017-0003-01,BVT Rev D_PT00013655D               ,RIVIAN," 3,600 ", -   , -   ,"3,600"," $2,172,905 ",,5,15,0-6,<20,0,436,497,,1,3-Nov,,,,,,
2380,8800206,6966-0049-01,PCBA4040 BACK MY22 NO ANC C157 ICM2 ,HARMAN, 51 , -   , -   ,51," $70,865 ",,0,0,0-6,<20,0,0,616,,1,3-Nov,,,,,,
2380,8800207,7017-0007-00,NDI                                 ,RIVIAN, 600 , -   , -   ,600," $523,456 ",,1,55,0-6,<20,0,437,599,,1,3-Nov,,,,,,
2380,8800208,7017-0008-00,NDH                                 ,RIVIAN, 600 , -   , -   ,600," $462,435 ",,1,53,0-6,<20,0,438,600,,1,3-Nov,,,,,,
2380,8800209,7017-0002-02,BCM-Rev.H change (ECR-006)          ,RIVIAN, 14 , -   , -   ,14," $53,241 ",,1,208,0-6,<20,0,439,601,,1,3-Nov,,,,,,
2310,9202335,6609-0002-03,PCBA GMT 968 DRL Light RH (MX)      ,VALEO VLS, 448 , 420 , 19 ,9," $2,176 ",,33,0,28-34,>20,0,0,18,1,,3-Nov,,,,,,
2310,9202366,6609-0077-01,PCBA U611 RCL Turn V2 RH            ,VALEO VLS, 57 , 16 , -   ,41," $6,019 ",,23,0,21-27,>20,0,0,69,1,,3-Nov,,,,,,
2310,9202368,6616-0058-00,PCBA DJ RAM TI Premium RH           ,VALEO VLQ, 104 , -   , -   ,104," $8,815 ",,23,0,21-27,>20,0,0,70,1,,3-Nov,,,,,,
2310,9202369,6863-0007-00,PVBA VW371 Tail Reverse/Fog Light L ,AL, 43 , 3 , -   ,40," $3,428 ",,23,0,21-27,>20,0,0,71,1,,3-Nov,,,,,,
2310,9202370,3511-0037-00,PCBA U611 SWS 75L811-7011           ,ITO, 81 , -   , -   ,81," $2,131 ",,23,0,21-27,>20,0,0,72,1,,3-Nov,,,,,,
2310,9202378,6616-0035-01,PCBA CD391 High Turn Light LH (V2)  ,VALEO VLQ, 19 , -   , 2 ,17," $3,012 ",,21,0,21-27,>20,0,0,87,1,,3-Nov,,,,,,
2310,9202381,6466-0010-05,PCBA K2UX Chevy UP DRL LH ver 5     ,MAGNA, 19 , -   , -   ,19," $4,796 ",,20,0,14-20,<20,0,0,99,1,,3-Nov,,,,,,
2310,9202383,6609-0081-00,PCBA U611 Fiber Light LH/RH         ,VALEO VLS, 356 , 344 , 12 ,0, $-   ,,20,0,,,0,0,100,1,,3-Nov,,,,,,
2310,9202386,6784-0014-00,PCBA Ford 1087 SM Light             ,ZKW, 241 , 234 , 2 ,5, $77 ,,19,0,14-20,<20,0,0,125,,1,3-Nov,,,,,,
2310,9202391,3511-0040-00,PCBA U611 SWS 75L579-7010           ,ITO, 555 , 117 , -   ,438," $4,152 ",,19,0,14-20,<20,0,0,126,,1,3-Nov,,,,,,
2310,9202393,6616-0033-01,PCBA CD391 High DRL Light LH (V1)   ,VALEO VLQ, 8 , -   , 5 ,3, $628 ,,19,0,14-20,<20,0,0,127,,1,3-Nov,,,,,,
2310,9202397,6609-0004-04,PCBA GMT967 DRL Light RH (MX)       ,VALEO VLS, 13 , -   , -   ,13," $3,778 ",,16,0,14-20,<20,0,0,183,,1,3-Nov,,,,,,
2310,9202401,3511-0045-00,PCBA U611 SWS 75N065-7011           ,ITO, 43 , -   , -   ,43," $1,267 ",,14,0,14-20,<20,0,0,227,,1,3-Nov,,,,,,
2310,9202403,3511-0033-01,PCBA U611 SWS 75L575-701B           ,ITO," 1,229 "," 1,130 ", 21 ,78," $8,398 ",,13,0,07-13,<20,0,0,238,,1,3-Nov,,,,,,
2310,9202404,6466-0011-15,PCBA K2UX Chevy UP DRL RH ver5 for  ,MAGNA, 95 , 45 , 27 ,23," $1,833 ",,13,0,07-13,<20,0,0,239,,1,3-Nov,,,,,,
2310,9202405,6609-0070-00,PCBA Toyota Avalon Up CL Light LH   ,VALEO VLS, 89 , 88 , -   ,1, $65 ,,13,0,07-13,<20,0,0,240,,1,3-Nov,,,,,,
2310,9202411,6616-0055-00,PCBA VW371 HL Side Marker(Mid)LH    ,VALEO VLQ, 170 , -   , -   ,170," $7,099 ",,12,0,07-13,<20,0,0,263,,1,3-Nov,,,,,,
2310,9202413,6609-0001-03,PCBA GMT 968 DRL Light LH (MX)      ,VALEO VLS, 19 , -   , -   ,19," $4,598 ",,9,0,07-13,<20,0,0,353,,1,3-Nov,,,,,,
2310,9202414,6609-0075-00,PCBA U611 RCL Stop Light RH         ,VALEO VLS, 13 , -   , -   ,13," $1,200 ",,8,0,07-13,<20,0,0,378,,1,3-Nov,,,,,,
2310,9202415,6616-0055-00,PCBA VW371 HL Side Marker(Mid)LH    ,VALEO VLQ, 201 , 174 , -   ,27," $1,127 ",,8,0,07-13,<20,0,0,379,,1,3-Nov,,,,,,
2310,9202416,6616-0056-00,PCBA VW371 HL Side Marker (Mid) RH  ,VALEO VLQ, 160 , -   , -   ,160," $6,666 ",,8,0,07-13,<20,0,0,380,,1,3-Nov,,,,,,
2310,9202418,6466-0005-00,GMX322 SM up RH                     ,MAGNA, 12 , 12 , -   ,0, $-   ,,8,0,,,0,0,381,,1,3-Nov,,,,,,
2310,9202419,6743-0004-00,PCBA Daimler Window Lifter E1168873 ,VALEO VRS, 56 , 56 , -   ,0, $-   ,,8,0,,,0,0,382,,1,3-Nov,,,,,,
2310,9202420,5412-0027-00,PCBA MFA2 X247 RHD ACW              ,VALEO VWS, 36 , -   , -   ,36," $5,208 ",,8,0,07-13,<20,0,0,383,,1,3-Nov,,,,,,
2310,9202421,6616-0053-00,PCBA Jetta HL Side Marker Light LH  ,VALEO VLQ," 8,448 "," 7,986 ", -   ,462," $18,256 ",,8,0,07-13,<20,0,0,384,,1,3-Nov,,,,,,
2310,9202422,6609-0095-01,PCBA CX483 RCL Stop Mono Driver(V2) ,VALEO VLS, 40 , -   , -   ,40," $4,299 ",,8,0,07-13,<20,0,0,385,,1,3-Nov,,,,,,
2310,9202424,6609-0099-00,PCBA Escalade T1ULX RCL Backup RH   ,VALEO VLS, 65 , -   , -   ,65," $4,915 ",,7,0,07-13,<20,0,0,413,,1,3-Nov,,,,,,
2310,9202425,6609-0070-00,PCBA Toyota Avalon Up CL Light LH   ,VALEO VLS, 118 , -   , -   ,118," $7,638 ",,7,0,07-13,<20,0,0,414,,1,3-Nov,,,,,,
2310,9202426,6609-0067-00,PCBA Toyota Avalon Up SM Light RH   ,VALEO VLS, 28 , -   , -   ,28," $1,316 ",,6,0,0-6,<20,0,0,431,,1,3-Nov,,,,,,
2310,9202430,6784-0025-00,PCBA Ford 1144 SD Light RH          ,ZKW, 330 , -   , -   ,330," $87,988 ",,5,0,0-6,<20,0,0,498,,1,3-Nov,,,,,,
2310,9202432,4490-0114-00,PCBA Daimler Window Lifter E119690  ,VALEO VRS, 19 , -   , -   ,19," $1,429 ",,5,0,0-6,<20,0,0,499,,1,3-Nov,,,,,,
2310,9202433,6609-0073-01,PCBA Toyota Avalon Up DRL Light V2  ,VALEO VLS, 33 , -   , -   ,33," $9,593 ",,4,0,0-6,<20,0,0,526,,1,3-Nov,,,,,,
2310,9202434,4490-0110-00,PCBA Daimler Window Lifter E1177241 ,VALEO VRS," 1,392 "," 1,392 ", -   ,0, $-   ,,4,0,,,0,0,527,,1,3-Nov,,,,,,
2310,9202435,4490-0009-00,PCBA RX GEN2                        ,VALEO VRS, 451 , -   , -   ,451," $410,497 ",,3,0,0-6,<20,0,0,540,,1,3-Nov,,,,,,
2310,9202436,3511-0038-00,PCBA U611 SWS 75L578-7011           ,ITO, 196 , -   , 4 ,192," $5,572 ",,3,0,0-6,<20,0,0,541,,1,3-Nov,,,,,,
2310,9202437,3511-0027-01,PCBA S550 FCL SAE LS Header Light   ,NAL, 38 , -   , -   ,38," $1,486 ",,1,0,0-6,<20,0,0,602,,1,3-Nov,,,,,,
2310,9202438,6609-0078-01,PCBA U611 RCL Tail Light  (V2) LH   ,VALEO VLS, 88 , -   , -   ,88," $6,510 ",,1,0,0-6,<20,0,0,603,,1,3-Nov,,,,,,
2310,9202439,6609-0080-01,PCBA U611 Applique Driver RevF      ,VALEO VLS, 253 , -   , -   ,253," $49,393 ",,1,0,0-6,<20,0,0,604,,1,3-Nov,,,,,,
2310,9202440,6784-0024-00,PCBA Ford 1144 SD Light LH          ,ZKW, 6 , -   , -   ,6," $1,442 ",,1,0,0-6,<20,0,0,605,,1,3-Nov,,,,,,
2310,9202441,6616-0029-01,PCBA CD391 High High Beam Light LH  ,VALEO VLQ, 22 , -   , -   ,22," $2,536 ",,1,0,0-6,<20,0,0,606,,1,3-Nov,,,,,,
2310,9202442,3511-0005-00,PCBA TJBA BUL LED Light LH          ,NAL, 29 , -   , -   ,29," $3,220 ",,1,0,0-6,<20,0,0,607,,1,3-Nov,,,,,,
2310,9202443,6609-0105-02,PCBA Escalade T1ULX RCL ST SAE RH V ,VALEO VLS, 706 , -   , -   ,706," $411,581 ",,1,0,0-6,<20,0,0,608,,1,3-Nov,,,,,,
2310,9202444,6616-0031-01,PCBA CD391 High Low Beam Light LH ( ,VALEO VLQ, 480 , -   , -   ,480," $52,726 ",,1,1,0-6,<20,0,440,609,,1,3-Nov,,,,,,
2310,9202445,6616-0032-01,PCBA CD391 High Low Beam Light RH ( ,VALEO VLQ, 480 , -   , -   ,480," $49,735 ",,1,1,0-6,<20,0,441,610,,1,3-Nov,,,,,,
2350,9500251,6914-240001-01,Honeywell F1 Controller WEB-C3036EP ,HONEYWELL, 20 , 10 , -   ,10," $33,215 ",,21,0,21-27,>20,0,0,88,1,,3-Nov,,,,,,
2350,9500254,6914-240004-01,Honeywell F1 Controller VIP-363-VAV ,HONEYWELL, 20 , -   , -   ,20," $60,525 ",,21,0,21-27,>20,0,0,89,1,,3-Nov,,,,,,
2350,9500255,6914-240011-01,TREND F1 Controller IQX12-00050-002 ,HONEYWELL, 20 , -   , -   ,20," $65,461 ",,21,0,21-27,>20,0,0,90,1,,3-Nov,,,,,,
2350,9500256,6914-270001-10,4MP WDR IR-Bullet Box Camera GP     ,HONEYWELL, 18 , 10 , -   ,8," $22,880 ",,1,1,0-6,<20,0,442,611,,1,3-Nov,,,,,,
2350,9500257,6914-270002-10,2MP WDR IR-Bullet Box Camera 2.7-13 ,HONEYWELL, 18 , 10 , -   ,8," $22,991 ",,1,1,0-6,<20,0,443,612,,1,3-Nov,,,,,,
2350,9500258,6914-270005-10,4MP WDR Vandal-proof IR Dome Camera ,HONEYWELL, 18 , 10 , -   ,8," $22,283 ",,2,1,0-6,<20,0,444,563,,1,3-Nov,,,,,,
2350,9500259,6914-270006-10,2MP WDR Vandal-proof IR Indoor Dome ,HONEYWELL, 18 , 10 , -   ,8," $20,270 ",,2,1,0-6,<20,0,445,564,,1,3-Nov,,,,,,
2350,9500262,6914-230004-01,HON BACTALK CONTROLLER VLC-550-E    ,HONEYWELL, 185 , -   , -   ,185," $65,691 ",,5,0,0-6,<20,0,0,500,,1,3-Nov,,,,,,
2370,9700053,4551-005501-00,C2030 MB Wiwynn Bypass              ,LENOVO, 2 , -   , -   ,2," $22,394 ",,15,0,14-20,<20,0,0,209,,1,3-Nov,,,,,,
2380,9800056,7017-0001-02,ASM-REV.I (ECR-008)                 ,RIVIAN, 36 , 6 , -   ,30," $248,615 ",,64,0,63-69,>20,0,0,3,1,,3-Nov,,,,,,
2380,9800076,7021-0001-01,SCM-SEAT;ROW1;DRV                   ,RIVIAN, 156 , 120 , -   ,36," $32,866 ",,34,0,28-34,>20,0,0,15,1,,3-Nov,,,,,,
2380,9800092,7017-0003-01,BVT Rev D_PT00013655D               ,RIVIAN, 330 , -   , -   ,330," $199,183 ",,13,0,07-13,<20,0,0,241,,1,3-Nov,,,,,,
2380,9800093,7017-0003-01,BVT Rev D_PT00013655D               ,RIVIAN, 330 , -   , -   ,330," $199,183 ",,13,0,07-13,<20,0,0,242,,1,3-Nov,,,,,,
2380,9800097,6966-0002-04,PCBA 4040 BACK C057 - ICM201012     ,HARMAN, 179 , -   , -   ,179," $265,214 ",,1,0,0-6,<20,0,0,613,,1,3-Nov,,,,,,
2380,9800098,7017-0003-00,BVT                                 ,RIVIAN, 125 , -   , -   ,125," $83,157 ",,1,1,0-6,<20,0,446,614,,1,3-Nov,,,,,,
